dd/mm/y,who,where,what,what-x (Hebrew),what-y (Hebrew)
07/04/2023,S(A)K,"דניאל ח,כה","Removed superflous maqaph following ""וְעַ֤ל"" (as in LC, S1 and Cambridge Add. 1753). Credit to Daniel Holman.",,
07/04/2023,S(A)K,"דניאל ח,ז","Changed accent to revia` in ""אֶת־הָאַ֗יִל"" (as found in LC and Cambridge Add. 1753). Credit to Daniel Holman.",,
07/04/2023,S(A)K,"נחמיה ב,כ","Changed accent to revia` in ""הַשָּׁמַ֗יִם"" (as found in LC and S1). Credit to Daniel Holman.",,
07/04/2023,S(A)K,"נחמיה ה,יד","Moved accent to the letter ח in ""הַפֶּחָ֖ה"" (as in LC and as expected). Credit to Daniel Holman.",,
06/04/2023,BD,כתובים אחרונים,Applied 263 auto-edits.,,
03/04/2023,S(A)K,"נחמיה יב,מז","Added qadma in the letter ה of ""וְהַ֨לְוִיִּ֔ם"" for מתיגת הזקף and added documentation note.",,
03/04/2023,S(A)K,"נחמיה יב,ל","Removed meteg from the letter א in ""וְאֶת־הַחוֹמָֽה""; changed documentation note.",,
27/03/2023,BD,דברים,"Applied 10 auto-edits. Add meteg marks to the 8 words listed in ""what-x"".","לֹֽא־נִסְּתָ֤ה 28:56, כִּֽי־לֹ֣א 28:62, אֽוֹ־אִשָּׁ֞ה 29:17, אֶת־בְּנֵֽי־יִשְׂרָאֵ֖ל 31:19, תִּֽהְיֶה־לִּ֜י 31:19, וַֽאֲנִי֙ 32:21, כִּֽי־צוּרָ֣ם 32:30, לְיַֽעֲקֹ֔ב 33:10",
27/03/2023,BD,קהלת,Applied 41 auto-edits.,,
27/03/2023,BD,עזרא,Applied 25 auto-edits.,,
26/03/2023,S(A)K,"דברים כח,נו","Added meteg to ""לֹֽא־נִסְּתָ֤ה"" (as in AC [but not LC]). Credit to Daniel Holman.",,
26/03/2023,S(A)K,"דברים כח,סב","Added meteg to x, making y (as in AC [but not LC]). Credit to Daniel Holman.",כִּי־לֹ֣א,כִּֽי־לֹ֣א
26/03/2023,S(A)K,"דברים כט,יז","Added meteg to x, making y (as in AC [but not LC]). Credit to Daniel Holman.",אוֹ־אִשָּׁ֞ה,אֽוֹ־אִשָּׁ֞ה
26/03/2023,S(A)K,"דברים לא,יט","Added meteg to x, making y (as in AC [but not LC]). Credit to Daniel Holman.",אֶת־בְּנֵי־יִשְׂרָאֵ֖ל,אֶת־בְּנֵֽי־יִשְׂרָאֵ֖ל
26/03/2023,S(A)K,"דברים לא,יט","Added meteg to x, making y (as in AC [but not LC]). Credit to Daniel Holman.",תִּהְיֶה־לִּ֜י,תִּֽהְיֶה־לִּ֜י
26/03/2023,S(A)K,"דברים לב,כא","Added meteg to x, making y (as in AC [but not LC]). Credit to Daniel Holman.",וַאֲנִי֙,וַֽאֲנִי֙
26/03/2023,S(A)K,"דברים לב,ל","Added meteg to x, making y (as in AC [but not LC]). Credit to Daniel Holman.",כִּי־צוּרָ֣ם,כִּֽי־צוּרָ֣ם
26/03/2023,S(A)K,"דברים לג,י","Added meteg to x, making y (as in AC [but not LC]). Credit to Daniel Holman.",לְיַעֲקֹ֔ב,לְיַֽעֲקֹ֔ב
25/03/2023,BD,various,"Applied more than 300 auto-edits, mostly to the 5 Megillot",,
25/03/2023,S(A)K,"תהלים נג,ו","Moved ""oleh"" to the first letter of its syllable (י) in ""לֹא־הָ{{אתנח הפוך}}יָ֫ה פָ֥חַד"" as expected and as presumably as intended in AC and LC (where the ""oleh"" is suspended over both letters of the syllable in the middle); cf. S1, B1 and most printed versions. Credit to Daniel Holman.",,
20/03/2023,S(A)K,"תהלים עח,לב","Changed accent to merkha in ""בְּכׇל־זֹ֥את"" (as in AC and LC). Credit to Daniel Holman.",,
20/03/2023,S(A)K,"איכה א,יב","Accent zaqeph qaton in ""וּרְא֔וּ"" (as in Cambridge, B1 and apparently in LC as well [AC not extant]).",,
16/03/2023,BD,"מיכה ב,יב",Fix pointed Hebrew in doc-note to have our standard mark order,,
15/03/2023,S(A)K,"משלי ה,יט","Put ""oleh"" in the letter י of ""וְֽיַ֫עֲלַת־חֵ֥ן"", following the general practice of AC.",,
15/03/2023,S(A)K,"תהלים קמד,ז","Put ""oleh"" in the first letter מ of ""מִ֫מָּר֥וֹם"", following the general practice of AC.",,
15/03/2023,S(A)K,"מיכה ב,יב","Added qamaz qatan within template for ""הַדׇּֽבְר֔וֹ"". Credit to Moshe Greenberg.",,
12/03/2023,S(A)K,"תהלים קלט,ז","In the letter נ of ""אָ֭נָֽה"", meteg instead of merkha (as in LC [AC is ambiguous but reading is now consistent with other similar places]); added documentation note. ",,
12/03/2023,S(A)K,"תהלים פו,ז","In the letter ת of ""צָ֭רָתִֽי"", meteg instead of merkha (AC and LC are ambiguous but reading is now consistent with other similar places); added documentation note.",,
12/03/2023,S(A)K,"תהלים קלח,ג","In the letter ר of ""קָ֭רָֽאתִי"", meteg instead of merkha (as in LC [AC is ambiguous but reading is now consistent with other similar places]); added documentation note. Credit to Daniel Holman.",,
12/03/2023,S(A)K,"תהלים קמה,ו",Added documentation note to the qeri ukhtiv pair in this verse.,,
12/03/2023,S(A)K,"תהלים קמ,ו","Added maqaph in ""טָ֥מְנֽוּ־גֵאִ֨ים{{מ:לגרמיה}}"" (as in AC); changed documentation note.",,
11/03/2023,S(A)K,"תהלים קז,יח","separator changed from space to maqaf, changing שערי מות to שערי־מות",,
10/03/2023,S(A)K,"תהלים קח,ג","In the letter ר of ""ע֭וּרָֽה"", meteg instead of merkha (as in LC [in AC the line is also quite straight]); added documentation note. Credit to Daniel Holman.",,
10/03/2023,S(A)K,"תהלים פט,כ","In ""דִּבַּ֥רְתָּֽ־בְחָז֡וֹן"", put the accent in the letter ז (as in AC and LC). Credit to Daniel Holman.",,
10/03/2023,S(A)K,"תהלים פח,ד","Added geresh muqdam in the first letter of ""וְ֝חַיַּ֗י"" (as in AC and LC). Credit to Daniel Holman.",,
10/03/2023,S(A)K,"תהלים עח,עא","In ""הֱבִ֫יא֥וֹ"", put the ""oleh"" in the letter ב (as in AC and LC). Credit to Daniel Holman.",,
10/03/2023,S(A)K,"תהלים נז,ט","In the letter ר of ""ע֭וּרָֽה"", meteg instead of merkha (as in AC? and LC); changed documentation note. Credit to Daniel Holman.",,
10/03/2023,S(A)K,"תהלים פט,כ","Added maqaph in ""דִּבַּ֥רְתָּֽ־בְחָ֡זוֹן"" (as in AC).",,
10/03/2023,S(A)K,"תהלים ל,ד","Put the word ""בֽוֹר"" into the documentation template but *outside* of the מ:קמץ template (see change below on 08/03/2023).",,
09/03/2023,S(A)K,"תהלים סט,כט","In the letter ח of ""יִ֭מָּחֽוּ"", meteg insead of merkha (as in LC [AC is ambiguous but reading is now consistent with other similar places]); changed documentation note.",,
05/03/2023,S(A)K,"תהלים יז,יד","Added maqaph (as well as varika mark) in ""מִ֥מְﬞתִֽים־יָדְךָ֨{{מ:לגרמיה}}"" (as found in LC and S1 [not extant in AC]).",,
08/03/2023,BD,"תהלים ל,ד",reverted the change that moved the word בֽוֹר inside the מ:קמץ template,,
08/03/2023,BD,"תהלים כז,יג","manually applied failed auto edit replacing ת= with ק-מ= (replacing x with y, if more context is given)",ת=לׅׄוּׄלֵׅ֗ׄאׅׄ,ק-מ=לׅׄוּׄלֵׅ֗ׄאׅׄ
08/03/2023,BD,various,applied 534 auto-edits successfully (1 failed),,
06/03/2023,S(A)K,"תהלים יט,טו","Added maqaph in ""יִ֥הְיֽוּ־לְרָצ֨וֹן{{מ:לגרמיה}}"" (as found in LC [not extant in AC]); changed target and text of documentation note.",,
06/03/2023,S(A)K,"איוב מב,י","Moved accent to the letter י in ""וַיֹּ֧סֶף"" (as in AC and LC). Credit to Daniel Holman.",,
06/03/2023,S(A)K,"תהלים יב,ו","Added maqaph in ""יָפִ֥יחַֽ־לֽוֹ"" (as in AC [but not in LC]); changed documentation note.",,
06/03/2023,S(A)K,"איוב כט,טז","Meteg instead of merkha at the end of ""אָ֭נֹכִֽי"" (as in AC? and LC); added documentation note. Credit to Daniel Holman.",,
06/03/2023,S(A)K,"איוב כ,ח","Corrected ""יִמְצָא֑וּהוּ"" to full spelling with the letter ו (as in AC and LC); defective spelling is found in the common printed editions. Credit to Daniel Holman.",,
06/03/2023,S(A)K,"איוב ו,כט","Added the letter ו to the qeri ""וְשׁ֥וּבוּ"" (as in AC and LC). Credit to Daniel Holman.",,
05/03/2023,S(A)K,"במדבר ג,ו","Removed meteg from ""וְהַעֲמַדְתָּ֣"" (as in most Tiberian manuscripts since it is a conjunctive accent); in LC there is a meteg, but it is not clear to which letter it belongs (ו or ה). Credit to anonymous contributor at Wikisource.",,
05/03/2023,S(A)K,"משלי לא,ו","Changed the accent in ""תְּנוּ־שֵׁכָ֥ר"" to merkha (as in AC and LC). Credit to Daniel Holman.",,
05/03/2023,S(A)K,"משלי כב,כ","Added the first letter י to the qeri ""שָׁלִישִׁ֑ים"" (as in AC and LC). Credit to Daniel Holman.",,
05/03/2023,S(A)K,"משלי כג,לא","Added dagesh to the first letter י of "" יַּיִן֮"" (as in AC and LC). Credit to Daniel Holman.",,
05/03/2023,S(A)K,"תהלים ז,ו","Added maqaph in ""יִ֥רַדֹּֽף־אוֹיֵ֨ב{{מ:לגרמיה}}נַפְשִׁ֡י"" (as in AC) and changed documentation note.",,
05/03/2023,S(A)K,"שמות יב,כח","Moved meteg from the letter י to the letter ו in ""וַֽיַּעֲשׂ֖וּ"" (as in LC). Credit to Daniel Holman.",,
05/03/2023,S(A)K,"בראשית ה,כא","Deleted meteg in ""וַיְחִ֣י"" (as in LC) and deleted documentation note. Credit to Daniel Holman.",,
05/03/2023,S(A)K,"איוב כג,ה","Added second maqaph in ""מַה־יֹּ֥אמַר־לִֽי"" (as found in AC [but not in LC]); changed documentation note.",,
03/03/2023,S(A)K,"ישעיהו סו,ח","Added second maqaph in ""אִם־יִוָּ֥לֵֽד־גּ֖וֹי"" which aids vocalization (as found in AC here and in parallel contexts [but not in LC]); changed documentation note.",,
03/03/2023,S(A)K,"ישעיהו סג,ה","Added maqaph in ""וַתּ֤וֹשַֽׁע־לִי֙"" which aids vocalization (as found in AC here and in parallel contexts [but not in LC]); changed documentation note.",,
03/03/2023,S(A)K,"ישעיהו נט,טז","Added maqaph in ""וַתּ֤וֹשַֽׁע־לוֹ֙"" which aids vocalization (as found in AC here and in parallel contexts [but not in LC]); changed documentation note.",,
03/03/2023,S(A)K,"ישעיהו מ,ז","Expanded target of documentation note to include ""נָ֣בֵֽל־צִ֔יץ"", and added maqaph (as in AC) which aids vocalization; the contents of the documentation note have also been changed.",,
27/02/2023,S(A)K,"תהלים ה,ח","Added meteg to the letter ה in ""אֶל־הֵֽיכַל־קׇ֝דְשְׁךָ֗"" (as in AC and LC). Credit to Moshe Greenberg.",,
26/02/2023,S(A)K,"אסתר א,ה","Moved the accent darga to the letter ד in ""לְמִגָּד֧וֹל"" (as in LC). Credit to anonymous contributor at Wikisource.",,
22/02/2023,BD,"שמ""א ב,טז",Use qk rather than standard kq order after paseq. (Replaced x with y (auto-edit).),"וְאָמַ֥ר{{מ:פסק}}{{כו""ק|לו|לֹא֙}}","וְאָמַ֥ר{{מ:פסק}}{{קו""כ|לו|לֹא֙}}"
22/02/2023,BD,"יחזקאל לה,יב",Use qk rather than standard kq order after paseq. (Replaced x with y (auto-edit).),"לֵאמֹ֣ר{{מ:פסק}}{{כו""ק|שממה|שָׁמֵ֑מוּ}}","לֵאמֹ֣ר{{מ:פסק}}{{קו""כ|שממה|שָׁמֵ֑מוּ}}"
22/02/2023,BD,"דה""א ה,מא",Doc change via auto-edit,,
22/02/2023,BD,"דה""ב","12 changes via auto-edit, most or all varika-related.",,
21/02/2023,BD,"יחזקאל מד,כד",Restored the accidentally-removed letter ו (vav) from the qeri x.,יִשְׁפְּט֑וּהוּ,
21/02/2023,BD,"ישעיהו מ,יב",Replaced x with y (auto-edit).,בְּשׇׁעֳל֜וֹ,{{מ:קמץ|ד=בְּשׇׁעֳל֜וֹ|ס=בְּשָׁעֳל֜וֹ}}
21/02/2023,BD,"ישעיהו סו,יב",Replaced x with y (auto-edit).,תְּשׇׁעֳשָֽׁעוּ׃,{{מ:קמץ|ד=תְּשׇׁעֳשָֽׁעוּ|ס=תְּשָׁעֳשָֽׁעוּ}}׃
21/02/2023,BD,"שיר השירים ז,ד",Replaced x with y (auto-edit).,תׇּאֳמֵ֥י,{{מ:קמץ|ד=תׇּאֳמֵ֥י|ס=תָּאֳמֵ֥י}}
21/02/2023,BD,"רות ב,יב",Replaced x with y (auto-edit).,פׇּעֳלֵ֑ךְ,{{מ:קמץ|ד=פׇּעֳלֵ֑ךְ|ס=פָּעֳלֵ֑ךְ}}
21/02/2023,BD,דברי הימים,"Applied 171 auto-edits from Wikisource. Most, maybe all, were varika-related.",,
21/02/2023,BD,"יחזקאל מד,כד",Accidentally removed the letter ו (vav) from the qeri x. This was the result of applying auto-edits from Wikisource and Wikisource lacking the change that added the vav.,יִשְׁפְּט֑וּהוּ,
21/02/2023,BD,"ישעיהו ל,לב",Fixed Unicode mark order on כֹּ֚ל (dagesh first),כֹּ֚ל,
21/02/2023,S(A)K,"דה""ב כא,יט","Expanded target of documentation note to include ""לְיָמִ֣ים{{מ:לגרמיה}}שְׁנַ֗יִם"" and tweaked the content of the note.",,
21/02/2023,S(A)K,"דה""ב יד,ו","Added maqaph in ""וַיָּ֥נַֽח־לָ֖נוּ"" (as in AC) which aids vocalization.",,
21/02/2023,S(A)K,"דה""ב ח,יא","Added the second maqaph in ""אֲשֶׁר־בָּ֥אָֽה־אֲלֵיהֶ֖ם"" (as in AC) which aids vocalization.",,
21/02/2023,S(A)K,"ישעיהו ל,לב","Replaced accent mahpah with the accent yativ in ""כֹּ֚ל"", as it appears in AC and LC and the printed editions. Credit to Moshe Greenberg.",,
19/02/2023,S(A)K,"ישעיהו כג,יז","Added merkha to ""וְזָ֥נְתָ֛ה"" (as found in AC [in LC the line is straight]). Credit to anonymous contributor at Wikisource.",,
19/02/2023,S(A)K,"מל""א יז,יא","Added varika mark to ""לִֽקְﬞחִי־נָ֥א"" and tweaked the documentation note.",,
19/02/2023,S(A)K,"דה""א כא,ה","Added maqaph in ""שֹׁ֥לֵֽף־חָֽרֶב"" which aids vocalization (as found in AC here and in parallel contexts [but not in LC]); changed documentation note.",,
19/02/2023,S(A)K,"יחזקאל מד,כד","Added the letter ו to the qeri ""יִשְׁפְּט֑וּהוּ"" (as found in AC and LC). Credit to Daniel Holman.",,
19/02/2023,S(A)K,"יחזקאל לג,ח","Added dagesh to the letter ב in ""בַּעֲוֺנ֣וֹ"" (as found in AC and LC). Credit to Daniel Holman.",,
19/02/2023,S(A)K,"יחזקאל יח,כא","Added dagesh to the letter ק in ""אֶת־כׇּל־חֻקּוֹתַ֔י"" (as found in AC and LC). Credit to Daniel Holman.",,
19/02/2023,S(A)K,"יחזקאל יח,ב","Added dagesh to the letter ת in ""תִּקְהֶֽינָה"" (as found in AC and LC). Credit to Daniel Holman.",,
19/02/2023,S(A)K,"יחזקאל יא,א","Replaced tippeha with merkha in ""שָׂרֵ֥י"" (as found in AC and LC [in LC the line is straight but merkha is intended]). Credit to Daniel Holman.",,
17/02/2023,S(A)K,"ירמיהו מח,כח","Removed dagesh from the letter ב in ""בַסֶּ֔לַע"" (as found in AC and LC). Credit to Daniel Holman.",,
17/02/2023,S(A)K,"ירמיהו מח,ז","Added the letter י to the qeri ""יַחְדָּֽיו"" (as found in AC and LC). Credit to Daniel Holman.",,
17/02/2023,S(A)K,"ירמיהו מח,ו","In ""וְתִֽהְיֶ֔ינָה"" replaced accent zaqeph gadol with zaqeph qatan (as found in AC and LC). Credit to Daniel Holman.",,
17/02/2023,S(A)K,"ירמיהו לו,כט","Added dagesh in the letter ת of ""תֹּאמַ֔ר"" (as found in AC and LC). Credit to Daniel Holman.",,
17/02/2023,S(A)K,"ירמיהו לד,ג","In ""לֹ֤א"" replaced accent yativ with mahpah (as found in AC and LC). Credit to Daniel Holman.",,
17/02/2023,S(A)K,"ירמיהו יח,טז","Added the letter ו to the qeri ""שְׁרִיק֣וֹת"" (as found in AC and LC). Credit to Daniel Holman.",,
17/02/2023,S(A)K,"ירמיהו יג,יג","Qamaz instead of patah in ""יְרֽוּשָׁל{{מ:ירושלם|ָ|֖}}ם"" (as found in AC and LC). Credit to Daniel Holman.",,
16/02/2023,S(A)K,"ירמיהו ד,יט","Added the letter ו to the qeri ""אוֹחִ֜ילָה"" (as found in AC and LC); also changed the order of appearance to qeri (first) and ketiv (second) by using תבנית:קו""כ. Credit to Daniel Holman.",,
16/02/2023,S(A)K,"דה""ב כז,ז","Added prepositive pashta in ""וְיֶ֙תֶר֙"" (as found in AC and LC). Credit to Daniel Holman.",,
16/02/2023,S(A)K,"מיכה ד,ח","Removed superflous maqaph between the words ""לְבַ֥ת יְרוּשָׁל{{מ:ירושלם|ָ|ֽ}}ם"" (as found in LC [AC not extant]). In the printed versions the word ""לְבַ֥ת"" lacks an independent accent and is therefore followed by maqaph (and thence to BHS). Credit to Daniel Holman.",,
16/02/2023,S(A)K,"שמ""ב יט,מא","Added the letter י to the qeri ""הֶעֱבִ֣ירוּ"" (as found in AC and LC). Credit to Daniel Holman.",,
16/02/2023,S(A)K,"שמ""ב יט,לג","Added dagesh in ב of ""בְּשִׁיבָת֣וֹ"" (as found in AC and LC). Credit to Daniel Holman.",,
16/02/2023,S(A)K,"שמ""ב טו,כו","Accents tippeha, merkha, silluq in ""כַּאֲשֶׁ֖ר ט֥וֹב בְּעֵינָֽיו"" at the end of the verse (as found in AC and LC [in LC the line in ""ט֥וֹב"" is straight but merkha is intended]). Credit to Daniel Holman.",,
16/02/2023,S(A)K,"שמ""א ג,יג","Deleted meteg in ""בַּעֲוֺ֣ן"" (as found in AC and LC). Credit to Daniel Holman.",,
16/02/2023,S(A)K,"שופטים כא,ג","Added dagesh to ""זֹּ֖את"" (as found in AC and LC). Credit to Daniel Holman.",,
15/02/2023,S(A)K,"דברים לג,כט","Added meteg in ""בַּֽיהֹוָ֔ה"" (as in AC and LC). Credit to Daniel Holman.",,
13/02/2023,S(A)K,"משלי ו,כז C",Added open parashah (//{{פפ}}//) before the verse in Column C (as in AC and LC). Credit to Bezalel Ariel.,,
12/02/2023,S(A)K,"תהלים פו,ט","Removed meteg from ""וְיִשְׁתַּחֲו֣וּ"" (as in AC and LC). Credit to Moshe Greenberg.",,
11/02/2023,S(A)K,"מל""ב כ,יא","Expanded target of documentation note to include ""וַיִּקְרָ֛א יְשַׁעְיָ֥הוּ"" (tevir followed by tevir), and expanded the content of the note.",,
11/02/2023,S(A)K,"מל""ב ח,ו","Expanded target of documentation note to include ""מִיּ֛וֹם עׇזְבָ֥הֿ"" (tevir followed by tevir), and expanded the content of the note.",,
09/02/2023,S(A)K,"שמ""ב ז,ט","Expanded target of documentation note to include ""וְעָשִׂ֤תִֽי־לְךָ֙"", and added maqaph (as in AC) which aids vocalization.",,
09/02/2023,S(A)K,"שמ""א ה,יב",Added documentation note to qeri ukhtiv pair.,,
09/02/2023,S(A)K,"שמ""א ה,ו",Added documentation note to qeri ukhtiv pair.,,
08/02/2023,S(A)K,"יחזקאל טז,יב",Added to documentation note for conformity with the three previous entries (similar issue in all of them).,,
08/02/2023,S(A)K,"שופטים כ,לה","Expanded target of documentation note to include ""שֹׁ֥לֵֽף־חָֽרֶב"", and added maqaph (as in AC) which aids vocalization.",,
08/02/2023,S(A)K,"שופטים כ,ב","Expanded target of documentation note to include ""שֹׁ֥לֵֽף־חָֽרֶב"", and added maqaph (as in AC) which aids vocalization.",,
08/02/2023,S(A)K,"שופטים ח,י","Expanded target of documentation note to include ""שֹׁ֥לֵֽף־חָֽרֶב"", and added maqaph (as in AC) which aids vocalization.",,
08/02/2023,S(A)K,"יהושע יד,יג","Added documentation note to ""וַֽיְבָרְכֵ֖הוּ"". Note: Did not yet add varika mark!",,
08/02/2023,S(A)K,"יהושע יב,ו","Added documentation note to ""הַֽמְנַשֶּֽׁה"". Note: Did not yet add varika mark!",,
07/02/2023,S(A)K,"יחזקאל כג,לו","Added dagesh in the letter ת of ""תּוֹעֲבוֹתֵיהֶֽן"" (as found in AC and LC). Credit to Daniel Holman.",,
07/02/2023,S(A)K,"זכריה ט,יז","Attempt to fix diacriticals in the letter י of ""וּמַה־יׇּפְי֑וֹ"".",,
06/02/2023,S(A)K,"יחזקאל טז,יב","Added maqaph to ""וָ֥אֶתֵּֽן־נֶ֙זֶם֙"" (as appears in AC and LC) and greatly expanded documentation note.",,
05/02/2023,BD,"יחזקאל כג,ד",Removed space after equals sign (=) in a ס= argument to the מ:קמץ template.,,
05/02/2023,BD,"ויקרא י,יז",Removed space after equals sign (=) in a ס= argument to the מ:קמץ template.,,
05/02/2023,S(A)K,"דברים טז,ב",Greatly expanded the documentation note and widened its target. The biblical text is unchanged.,,
05/02/2023,S(A)K,"ירמיהו ט,י","Changed the accent in ""מִבְּלִ֥י"" to merkha (as it clearly appears in AC and LC).",,
05/02/2023,S(A)K,"ירמיהו ט,יא","Changed the accent in ""מִבְּלִ֥י"" to merkha (as it clearly appears in AC [in LC the line is straight but merkha rather than tippeha or meteg is intended]). Credit to Asael Reiter.",,
05/02/2023,S(A)K,"יחזקאל כח,טז","Added documentation note to ""תוֹכְךָ֛"" (for hataph). Note: Did not yet add varika mark!",,
05/02/2023,S(A)K,"תהלים עב,יז","Added לגרמיה following ""יְהִ֤י שְׁמ֨וֹ"" (as appears in AC and LC). Credit to Moshe Greenberg.",,
04/02/2023,S(A)K,"יחזקאל טז,יב","Moved the word following the documentation note ("" נֶ֙זֶם֙"") into the note for clarity (in AC they are combined via maqaph). The biblical text is unchanged.",,
02/02/2023,BD,"ישעיהו, ירמיהו","Added varika marks to ירמיהו and made documentation changes to ישעיהו and ירמיהו. All these changes (137 of them) were from Wikisource, and were made via AutoEdits.",,
31/01/2023,S(A)K,"מל""ב יב,כב","Added meteg to the letter ו in ""וַֽיִּקְבְּר֥וּ"" (as it appears in AC [but not in LC]). Credit to anonymous contributor at Wikisource.",,
31/01/2023,S(A)K,"מל""ב יז,ד","Replaced patah with shewa in the letter ע of ""וַֽיַּעְצְרֵ֙הוּ֙"" (as appears in LC and S1); AC is not extant for this verse. Credit to anonymous contributor at Wikisource.",,
30/01/2023,S(A)K,"דה""ב ו,מב","Qamaz qatan in ""זׇכְרָ֕ה"" (hataph-qamaz to indicate qamaz hatuph) and update to documentation note.",,
30/01/2023,S(A)K,"יחזקאל לב,כ",Improvement to documentation note about hataph-qamaz to indicate qamaz hatuph. The appearance of biblical text is unchanged; this only affects the note.,,
30/01/2023,S(A)K,"ירמיהו ב,יב",Improvement to documentation note about hataph-qamaz to indicate qamaz hatuph. The appearance of biblical text is unchanged; this only affects the note.,,
30/01/2023,S(A)K,"ירמיהו מט,כח",Improvement to documentation note about hataph-qamaz to indicate qamaz hatuph. The appearance of biblical text is unchanged; this only affects the note.,,
30/01/2023,S(A)K,"ירמיהו יב,טז",Improvement to documentation note. The appearance of biblical text is unchanged; this only affects the note.,,
29/01/2023,S(A)K,"ירמיהו מח,לב",Improvement to documentation note. The appearance of biblical text is unchanged; this only affects the note.,,
29/01/2023,S(A)K,"ירמיהו נב,כב",Tweak to clarify documentation note. The appearance of biblical text is unchanged; this only affects the note.,,
29/01/2023,S(A)K,"ירמיהו נא,ז","Fixed vowel within documentation note for the letter ה in ""יִתְהֹלֲל֥וּ"". Note: The appearance of biblical text is unchanged; this only affects the note.",,
29/01/2023,S(A)K,"ירמיהו נ,י","Fixed diacriticals within documentation note for the letter כ in ""א=כָּל־שֹׁלֲלֶ֥יהָ"". Note: The appearance of biblical text is unchanged; this only affects the note.",,
29/01/2023,S(A)K,"ירמיהו כד,ט",Added two documentation notes.,,
27/01/2023,BD,ישעיהו,added 51 varika marks from Wikisource (via AutoEdits),,
25/01/2023,BD,"ישעיהו סו,טז",added a varika mark from Wikisource (via AutoEdits),,
26/01/2023,BD,"ישעיהו א,כג",added a varika mark from Wikisource (via AutoEdits),,
22/01/2023,S(A)K,"דה""ב כ,ל-לא D","Seder number 19/יט (shown in column D) moved back from verse 31 to verse 30, as indicated in AC and Sefer ha-Hillufim (and as appears in Ginsburg). In LC and Koren it appears in verse 31. A documentation note has been added in verse 30. Credit to Bezalel Ariel.",,
13/01/2023,BD,"תהלים מד,יט",A geresh muqdam was added on 02/08/2022 but not in our standard-but-abnormal ordering. The fix was to change alef-gm-ḥp to alef-ḥp-gm. The result is shown in the next column.,אֲ֝שֻׁרֵ֗ינוּ,
13/01/2023,BD,"יחזקאל לב,ל",A rafeh was added on 22/08/2022 but not in our standard-but-abnormal ordering. The fix was to change gimel-sheva-rafeh to gimel-rafeh-sheva. The result is shown in the next column.,מִגְֿבֽוּרָתָם֙,
10/01/2023,S(A)K,"ישעיהו כה,י","Accent on the letter ד in ""וְנָד֤וֹשׁ"" (as found in AC and LC). Credit to Asael Reiter.",,
05/01/2023,S(A)K,"מל""ב ט,כ","Added dagesh to the letter י in ""וַיַּגֵּ֤ד"" (as found in AC and LC). Credit to anonymous reader at alhatorah.org.",,
05/01/2023,S(A)K,"מל""א ח,לו","Added meteg to ""עַֽל־אַרְצְךָ֔"" (as found in AC and LC [faint but definite]). Credit to anonymous contributor at Hebrew Wikisource.",,
03/01/2023,S(A)K,"אסתר ב,יא C",Slight tweak to documentation note in Column C about whether there is a closed parashah ({{סס}}) before this verse.,,
28/12/2022,S(A)K,"במדבר כו,כג","Added documentation note regarding lack of dagesh in ""וּפֻוָ֖ה"".",,
28/12/2022,S(A)K,"בראשית מו,יג","Updated documentation note regarding lack of dagesh in ""וּפֻוָ֖ה"".",,
15/12/2022,S(A)K,"בראשית לח,יז","Qamaz qatan in ""שׇׁלְחֶֽךָ"". Credit to anonymous reader at mg.alhatorah.org.",,
14/12/2022,S(A)K,"דניאל ב,לא","Removed dagesh from the letter ד in ""דִכֵּ֥ן""; LC has rapheh (although it has a slight blemish in the parchment which may be a scratch from erasure). Credit to Moshe Greenberg.",,
14/12/2022,S(A)K,"דניאל ב,כ","Removed maqaph between ""וְעַ֣ד עָלְמָ֑א""; there is no maqaph in LC. Credit to Moshe Greenberg.",,
13/12/2022,S(A)K,"עזרא ט,ד","Replaced accent mahpah with the accent yativ in ""כֹּ֚ל"", as it appears in LC and ב1. Credit to Moshe Greenberg.",,
13/12/2022,S(A)K,"דניאל ט,יב","Added parameter רווח=לא to קו""כ template, and a space after the template, in order to fix the spacing between the words as shown in Wikisource.",,
07/12/2022,S(A)K,"דניאל ו,כח","Changed accent to zaqef qaton in ""וּמַצִּ֔ל"", as found in LC and ב1 (versus the printed editions and Koren which have revia`). Credit to Moshe Greenberg.",,
07/12/2022,S(A)K,"שמ""א יח,יט","The consecutive words ""בְּעֵ֛ת תֵּ֛ת"" both with the accent tevir, as found in the Aleppo Codex and parallel manuscripts; the documentation note has been corrected and updated. Credit to Moshe Greenberg.",,
07/12/2022,S(A)K,"הושע יג,יד","Qamaz qatan in the letter ק of ""קׇֽטׇבְךָ֙"" within מ:קמץ template. Credit to Moshe Greenberg.",,
20/11/2022,S(A)K,"מל""ב כג,יב","Changed accent in ""מְנַשֶּׁ֗ה"" to revia` (one dot as in AC and LC). Credit to Daniel Holman.",,
20/11/2022,S(A)K,"מל""ב יט,ו","Changed accent in ""שָׁמַ֔עְתָּ"" to zaqef qaton (two dots as in AC and LC). Credit to Daniel Holman.",,
20/11/2022,S(A)K,"מל""ב א,ב","Changed accent in ""מַלְאָכִ֗ים"" to revia` (one dot as in AC and LC). Credit to Daniel Holman.",,
19/11/2022,S(A)K,"מל""א יז,יג",Corrected documentation note.,,
10/11/2022,S(A)K,"חבקוק ב,ח","Qamaz qatan in ""יְשׇׁלּ֖וּךָ"".",,
26/10/2022,S(A)K,"יהושע יז,ב","Removed dagesh in ""בֶן־יוֹסֵ֛ף"" as in AC and LC (both of which are clearly marked with rafeh although LC has a spot in the parchment not intended as a dot). Credit to Asael Reiter.",,
24/10/2022,S(A)K,"יהושע ח,ב","Added dagesh to ל in ""לִּֽירִיחוֹ֙"" as in AC and LC. Credit to Asael Reiter.",,
07/10/2022,S(A)K,"איוב לב,ב","Removed grey maqaph from word with ""oleh"" that also has an independent accent.",,
07/10/2022,S(A)K,"איוב ג,ו","Removed grey maqaph from word with ""oleh"" that also has an independent accent.",,
07/10/2022,S(A)K,"משלי ל,טז","Removed grey maqaph from word with ""oleh"" that also has an independent accent.",,
07/10/2022,S(A)K,"משלי כד,יב","Removed grey maqaph from word with ""oleh"" that also has an independent accent.",,
07/10/2022,S(A)K,"משלי ח,לד","Removed grey maqaph from word with ""oleh"" that also has an independent accent.",,
07/10/2022,S(A)K,"תהלים קמב,ז","Removed grey maqaph from word with ""oleh"" that also has an independent accent.",,
07/10/2022,S(A)K,"תהלים קיח,כז","Removed grey maqaph from word with ""oleh"" that also has an independent accent.",,
07/10/2022,S(A)K,"תהלים נו,ט","Removed grey maqaph from word with ""oleh"" that also has an independent accent.",,
07/10/2022,S(A)K,"תהלים נג,ו","Removed grey maqaph from word with ""oleh"" that also has an independent accent.",,
07/10/2022,S(A)K,"תהלים נג,ה","Removed grey maqaph from word with ""oleh"" that also has an independent accent.",,
07/10/2022,S(A)K,"תהלים מד,ד","Removed grey maqaph from word with ""oleh"" that also has an independent accent.",,
07/10/2022,S(A)K,"תהלים לז,ז","Removed grey maqaph from word with ""oleh"" that also has an independent accent.",,
07/10/2022,S(A)K,"תהלים כח,ג","Removed grey maqaph from word with ""oleh"" that also has an independent accent.",,
07/10/2022,S(A)K,"תהלים יח,מד","Removed grey maqaph from word with ""oleh"" that also has an independent accent.",,
07/10/2022,S(A)K,"תהלים יד,ד","Removed grey maqaph from word with ""oleh"" that also has an independent accent.",,
07/10/2022,S(A)K,"תהלים ח,ג","Removed grey maqaph from word with ""oleh"" that also has an independent accent.",,
07/10/2022,S(A)K,"תהלים ד,ז","Removed grey maqaph from word with ""oleh"" that also has an independent accent.",,
07/10/2022,S(A)K,"שמ""א ל,טו",Further corrections to documentation note (cf. 04/10/2022).,,
05/10/2022,S(A)K,"מל""ב יז,כד",Improved documentation note.,,
05/10/2022,S(A)K,"יחזקאל מז,א","Moved ""stress helper"" in ""וַיְשִׁבֵ֘נִי֮"" to the correct syllable.",,
04/10/2022,S(A)K,"שמ""א ל,טו","Added ""stress helper"" accent in ""הִשָּׁ֩בְעָה֩"" and a documentation note (credit to Daniel Holman).",,
07/09/2022,S(A)K,"דניאל ד,כז","Changed patah to qamaz in ""בִּתְקָ֥ף"" (as it appears in LC). Credit to Moshe Greenberg.",,
29/08/2022,S(A)K,"ישעיהו נד,א","Added meteg to the letter צ in ""וְצַֽהֲלִי֙"" (as it appears in AC [but not in LC]). Credit to David Kochav.",,
28/08/2022,S(A)K,"ישעיהו נא,טו","Added meteg to the letter א in ""וְאָֽנֹכִי֙"" (as it appears in AC and LC). Credit to David Kochav.",,
23/08/2022,S(A)K,"איוב לט,ב","Moved revi`a to the letter ת in ""וְ֝יָדַעְתָּ֗"" (as it appears in AC, and apparently also in LC, and in other manuscripts). The printed versions have it on the penultimate syllable (וְ֝יָדַ֗עְתָּ), although Van der Hought (Amsterdam, 1705) and derivative editions note ""וְ֝יָדַעְתָּ֗"" as an alternative reading. Credit to Moshe Greenberg.",,
22/08/2022,S(A)K,"דה""א כב,ד","Added maqaph to ""כִּֽי־הֵ֠בִ֠יאוּ"" (as it appears in AC and LC and some printed versions [others have כי with munah]). Credit to Moshe Greenberg.",,
22/08/2022,S(A)K,"משלי לא,כז",Added the letter ו to the ketiv of הילכות (qeri הֲלִיכ֣וֹת) as found in AC (there is no קרי וכתיב in LC). Credit to Moshe Greenberg.,,
22/08/2022,S(A)K,"משלי ו,לה","Added dagesh to ש of ""תַרְבֶּה־שֹּֽׁחַד"" (as it appears in AC and perhaps also in LC, plus in the printed versions). Credit to Moshe Greenberg.",,
22/08/2022,S(A)K,"יחזקאל לב,ל","Removed dagesh from ג of ""מִגְֿבֽוּרָתָם֙"" and added rafe in its place to mark the anomaly clearly for the reader (as it appears in AC and LC [compare to the previous verse in both manuscripts]). Credit to Moshe Greenberg.",,
22/08/2022,S(A)K,"יחזקאל כז,לו","Meteg instead of merkha in ""בָּֽעַמִּ֔ים"" (as it appears in AC and apparently also in LC [compare to the previous meteg on the same line]). Credit to Moshe Greenberg.",,
22/08/2022,S(A)K,"יחזקאל יא,ט","Merkha instead of tevir in ""וְעָשִׂ֥יתִי"" (as it appears correctly in AC and as was apparently intended in LC despite the extra dot [accidental extra hiriq?] to the left). Credit to Moshe Greenberg.",,
17/08/2022,S(A)K,"דה""א ו,לט","Moved the accent munah to the letter פ in ""לְמִשְׁפַּ֣חַת"" (as it appears correctly in AC; in LC the accent is misplaced). Credit to anonymous editor at Wikisource.",,
17/08/2022,S(A)K,special מיוחד,"Fixed a part of דברים טעם תחתון (דפוסים) which previously showed the wrong version. The words which were changed according to the correct version are ""לֹֽא־תַעֲשֶׂ֨ה כָל־מְלָאכָ֜ה אַתָּ֣ה{{לגרמיה}}וּבִנְךָֽ־וּבִתֶּ֣ךָ וְעַבְדְּךָֽ־וַאֲמָתֶ֗ךָ וְשׁוֹרְךָ֤ וַחֲמֹֽרְךָ֙ וְכָל־בְּהֶמְתֶּ֔ךָ"". Note that at Wikisource this was already corrected on 14/08/2022.",,
16/08/2022,S(A)K,"ישעיהו מג,יט","Added dagesh to the letter ת in ""תֵּדָע֑וּהָ"" (as it appears in AC and LC [the latter also has meteg]). Credit to Moshe Greenberg.",,
16/08/2022,S(A)K,"מל""ב כה,ז","Added dagesh to the letter ב in ""בַּֽנְחֻשְׁתַּ֔יִם"" (as it appears in AC and LC). Credit to Moshe Greenberg.",,
16/08/2022,S(A)K,"מל""ב יג,יז","Replaced mahpah accent with qadma in ""וַיֹּ֨אמֶר אֱלִישָׁ֤ע"" (as expected and as it appears in AC and apparently also in LC). Credit to Moshe Greenberg.",,
16/08/2022,S(A)K,"מל""ב ו,ח","Two dots for zaqeph qaton in ""לֵאמֹ֔ר"" (as it appears in AC and LC). Credit to Moshe Greenberg.",,
16/08/2022,S(A)K,"שמ""א ד,יט","One dot for revi`a instead of two dots for zaqeph qaton in ""אֶת־הַשְּׁמוּעָ֗ה"" (as it appears in AC and apparently also in LC [the latter also has defective spelling lacking ו]). Credit to Moshe Greenberg.",,
16/08/2022,S(A)K,"מל""א כ,כה","Merkha instead of munah in ""וְס֥וּס"" (as it appears in AC as opposed to LC). Credit to Moshe Greenberg.",,
16/08/2022,S(A)K,"מל""א י,ג","Removed dagesh from ""דָבָר֙"" (as it appears in the manuscripts with rafeh). Credit to Moshe Greenberg. Note that Breuer (Keter Yerushalayim) has dagesh (!).",,
16/08/2022,S(A)K,"שמ""ב כד,יג","Added maqaph to ""שֶׁבַע־שָׁנִ֣ים"" (as it appears in the manuscripts). Credit to Moshe Greenberg.",,
16/08/2022,S(A)K,"שמ""ב כד,ז","Added merkha to ""וַיֵּ֥צְא֛וּ"" (as it appears in AC and perhaps in LC). Credit to Moshe Greenberg.",,
14/08/2022,S(A)K,"שמ""ב כא,א","Removed maqaph and added merkha to the word ""עַ֥ל"" (following AC and perhaps LC [where the maqaph seems to be erased]). Credit to Moshe Greenberg.",,
14/08/2022,S(A)K,"שופטים טז,יח","Removed dagesh from ""דְלִילָ֗ה"" (as it appears in the manuscripts). Credit to Moshe Greenberg.",,
02/08/2022,S(A)K,"תהלים מד,יט","Added geresh muqdam in ""אֲ֝שֻׁרֵ֗ינוּ"" (as appears in the manuscripts). Credit to Asael Reiter. UXLC change 2022.08.02 - 1.",,
29/07/2022,S(A)K,"דניאל ה,כ","Removed shuruq dot from ו of ""הֶעְדִּ֥יו"" and added documentation note. Credit to Asael Reiter. UXLC change 2022.07.29 - 1.",,
24/07/2022,S(A)K,"תהלים סא,ט","Added geresh muqdam in ""נְ֝דָרַ֗י"" (as appears in the manuscripts). Credit to Moshe Greenberg. UXLC change 2022.07.08 - 10.",,
24/07/2022,S(A)K,"תהלים קלז,ט","Removed geresh muqdam (which does not appear in the manuscripts) from ""אֶֽת־עֹלָלַ֗יִךְ"". Credit to Moshe Greenberg. UXLC change 2022.07.08 - 8.",,
24/07/2022,S(A)K,"תהלים פג,יא","Removed dagesh (which does not appear in the manuscripts) from the ד of ""דֹ֗֝מֶן"". Credit to Moshe Greenberg. UXLC change 2022.07.08 - 7.",,
24/07/2022,S(A)K,"תהלים קיט,קע","Removed dagesh (which does not appear in the manuscripts) from the first ת of ""תְחִנָּתִ֣י"". Credit to Moshe Greenberg. UXLC change 2022.07.08 - 6.",,
24/07/2022,S(A)K,"תהלים צב,י",Removed superfluous paseq following a disjunctive accent which does not appear in the manuscripts. Credit to Moshe Greenberg. UXLC change 2022.07.08 - 5.,,
20/07/2022,S(A)K,"תהלים פט,נג","Removed geresh muqdam from ""לְעוֹלָ֗ם"", following AC; see discussion here. Credit to Moshe Greenberg.",,
18/07/2022,S(A)K,"תהלים פא,ו","Mahapakh was misplaced, now corrected in ""עֵד֤וּת""; the mistake was rooted in BHS via WLC/UXLC. Credit to Moshe Greenberg. UXLC change 2022.07.08 - 4.",,
13/07/2022,S(A)K,"ישעיהו לד,יא","Added rafeh in ""קַֽו־תֹֿ֖הוּ"" (based on Minhat Shai Isaiah 34:11). Credit to Moshe Greenberg.",,
13/07/2022,S(A)K,"יחזקאל כג,מב","Added rafeh in ""שָׁלֵ֣ו בָֿהּ֒"" (based on Minhat Shai Isaiah 34:11). Credit to Moshe Greenberg.",,
13/07/2022,S(A)K,"תהלים סח,יח","Added rafeh to ""אֲדֹנָ֥י בָֿ֝֗ם"" (based on Minhat Shai Isaiah 34:11) and expanded the documentation note. Credit to Moshe Greenberg.",,
10/07/2022,S(A)K,"תהלים נח,ז","Added meteg to ""הֲרׇס־שִׁנֵּ֥ימֽוֹ"" as in the Aleppo Codex (but not LC). Credit to Moshe Greenberg. (Note that the change was not implemented correctly on the initial date and was only fully implemented on 28/07/2022.)",,
09/07/2022,S(A)K,"תהלים נא,טז",Removed dagesh from ת of תְשׁוּעָתִ֑י. Credit to Moshe Greenberg. UXLC change 2022.07.08 - 1.,,
05/07/2022,S(A)K,"תהלים לה,יז",Removed dagesh from ת of תִ֫רְאֶ֥ה; the mistake was rooted in BHS via WLC/UXLC. Credit to Moshe Greenberg. UXLC change 2022.07.05 - 2.,,
05/07/2022,S(A)K,"תהלים י,ז",Added missing legarmeih; the mistake was rooted in BHS via WLC/UXLC. Credit to Moshe Greenberg. UXLC change 2022.07.05 - 1.,,
03/07/2022,S(A)K,"איוב ט,י","Added geresh muqdam in ""וְ֝נִפְלָא֗וֹת"" (as appears in the manuscripts). Credit to anonymous editor at Wikisource.",,
24/06/2022,S(A)K,"ירמיהו מו,כג",Added documentation note.,,
24/06/2022,S(A)K,"שמ""א טו,א",Added qamaz template and documentation note.,,
19/06/2022,S(A)K,"מל""ב יב,יב",Removed qamaz qatan along with its template.,,
13/06/2022,S(A)K,"שמ""ב כב,מ",Added to documentation note.,,
09/06/2022,BD,דברי הימים א ו נה,add missing close paren in doc-note,,
03/06/2022,S(A)K,README,Added link to Github project.,,
24/05/2022,S(A)K,"דברים לא,ה",Corrected documentation note.,,
21/05/2022,BD,תהלים יז יד,Use {{מ:לגרמיה}} in doc note instead of space & Unicode PASEQ.,,
04/05/2022,S(A)K,"שמ""ב ג,יב",Qamaz qatan in כרתה.,,
02/05/2022,S(A)K,"תהלים פו,ב",Qamaz qatan in the first word and added documentation note.,,
02/05/2022,BD,יחזקאל יד יד,rm ZWJ and remark about it. Added different remark. Result was x.,"דָּנִֵ֣אל (חיריק, צירה, ומונח מתחת לנו”ן, בסדר הזה)",
03/05/2022,BD,יחזקאל יד כ,rm ZWJ and remark about it. Added different remark. Result was x.,"דָּנִֵ֣אל (חיריק, צירה, ומונח מתחת לנו”ן, בסדר הזה)",
04/05/2022,BD,יחזקאל כח ג,rm 2 ZWJs from one word and remove the remark about them. Added different remark. Result was x.,"מִדָּֽנִֵּ֑אל (חיריק, צירה, ואתנחתא מתחת לנו”ן, בסדר הזה)",
02/05/2022,BD,"ויקרא כא,י",rm stray paren from x,ל=געיה אמצעית),
01/05/2022,S(A)K,"ויקרא כא,י","Simplified documentation note, no more use of special character ZWJ.",,
01/05/2022,S(A)K,"במדבר יז,כז",Added documentation note.,,
01/05/2022,S(A)K,"ויקרא ז,יב",Added documentation note.,,
01/05/2022,S(A)K,"שמות לח,כ",Added documentation note.,,
01/05/2022,S(A)K,"שמות לה,ג",Added documentation note.,,
01/05/2022,S(A)K,"שמות כא,ט",Added documentation note.,,
01/05/2022,S(A)K,"בראשית לב,יז",Moved accent to the letter י (correcting typo inherited from WLC).,,
30/04/2022,BD,מלכים ב ד ז,"change qamats qatan to plain qamats, resulting in x",בֻ͏ָנַ֔יִכי,
30/04/2022,BD,מלכים ב ד ז,"change ZWJ to CGJ, resulting in x",בֻ͏ׇנַ֔יִכי,
30/04/2022,BD,שיר השירים ג ה,"change ZWJ to CGJ, resulting in x",יְרוּשָׁלַ͏ִם֙,
30/04/2022,BD,תהלים קטו יח,Sync GS to what WS has: change {{נוסח||חלוקה={{ר0}}}} to {{ר0|רווח=לא}},,
29/04/2022,BD,אסתר ה יד,Removed extraneous double closing curliles: }},,
29/04/2022,BD,עזרא ו ט,"Expanded doc targ to be x, i.e. to include word after paseq",י֥וֹם{{מ:פסק}}בְּי֖וֹם,
29/04/2022,BD,tmpl doc,Updated doc for {{ר1}} tmpl to reflect 2 exceptions.,,
28/04/2022,S(A)K,"בראשית מא,מה",Updated documentation note.,,
28/04/2022,S(A)K,"במדבר כט,טו",Deleted documentation note (!).,,
28/04/2022,S(A)K,"שמות כו,ג",Updated documentation note.,,
28/04/2022,S(A)K,"שמות כז,ה",Updated documentation note.,,
28/04/2022,S(A)K,"ויקרא ח,יא",Updated documentation note.,,
28/04/2022,S(A)K,"ויקרא ח,כד",Updated documentation note.,,
28/04/2022,S(A)K,"ויקרא יד,כא",Updated documentation note.,,
28/04/2022,S(A)K,"במדבר לג,יד",Added documentation note.,,
28/04/2022,S(A)K,"דברים א,לט",Updated documentation note.,,
28/04/2022,S(A)K,"דברים יז,ז",Added documentation note.,,
28/04/2022,S(A)K,"דברים כח,א",Updated documentation note.,,
28/04/2022,S(A)K,"דברים כח,סא",Updated documentation note.,,
26/04/2022,S(A)K,"ישעיהו יא,א",Added documentation note.,,
23/04/2022,BD,במדבר ז ס,"change xiriq-etnaxta to etnaxta-CGJ-hiriq, in x in doc-note. I.e. make it look like the weird thing that this note is trying to describe.",ל=בִנְיָמ֑͏ִן,
08/04/2022,BD,תהלים קמו א,"""flatten"" the one nested doc-note into a single doc-note",,
04/06/2022,BD,דברי הימים ב כט יב,Added ב in דברי הימים ב כט יב in arg to פסקא באמצע פסוק template.,,
04/06/2022,BD,דברי הימים ב יז יד,Removed initial { (closing curly bracket) from דברי הימים ב יז יד arg to פסקא באמצע פסוק template.,,
04/06/2022,BD,דברי הימים ב ו יד,Added ב in דברי הימים ב ו יד in arg to פסקא באמצע פסוק template.,,
04/06/2022,BD,דברי הימים א כה ט,Added א in דברי הימים א כה ט in arg to פסקא באמצע פסוק template.,,
04/06/2022,BD,יחזקאל כז ג,Changed ב to ג in יחזקאל כז ג in arg to פסקא באמצע פסוק template.,,
04/06/2022,BD,ירמיהו לח כח,Changed כט to כח in ירמיהו לח כח in arg to פסקא באמצע פסוק template.,,
04/06/2022,BD,שמואל ב טז יג,Removed א from א ב in שמואל ב טז יג in arg to פסקא באמצע פסוק template.,,
04/06/2022,BD,בראשית לה כב,Changed לב to לה in בראשית לה כב in arg to פסקא באמצע פסוק template.,,
31/03/2022,BD,תהלים נז ט,"In x, use vav and then dagesh, not combined vav-with-dagesh.","מג""ה=ע֭וּרָֽה",
31/03/2022,BD,תהלים נו ה,normalize mark ordering to merkha-ole in x,א=דְּבָר֥֫וֹ,
31/03/2022,BD,תהלים יא א,normalize mark ordering to merkha-ole in x,א=לְדָ֥֫וִד,
20/03/2022,S(A)K,"אסתר ה,יד",Added documentation note.,,
08/03/2022,BD,everywhere,"In about 2000 places, change prefix of טעמי המקרא and טעמי המקרא-סוף to be מ: not תבנית:משתמש:Dovi/.",,
07/03/2022,S(A)K,"דברים כז,כ",Edited documentation.,,
07/03/2022,S(A)K,"ויקרא ז,כח",Edited Column C (removed //) so that the note will appear right next to the first word in the parashah.,,
07/03/2022,S(A)K,"ויקרא ז,כב",Edited Column C (removed //) so that the note will appear right next to the first word in the parashah.,,
07/03/2022,S(A)K,"שמות לד,א","Edited documentation in Column C (parashah space on which there is a note); removed // at the end is removed so that the note will appear right next to the first word in the parashah. In the end, the special note remains *outside* the documentation note just as it was before (as so will be all the rest as they are now).",,
24/02/2022,BD,דברים ה ו–טז,"use new dual cant. template, מ:כפול",,
24/02/2022,BD,"דברים ה,ח","add telisha-gedola helper to qof, changing x to y",פֹּ֠קֵד,פֹּ֠קֵ֠ד
24/02/2022,BD,"דברים ה,יג","add telisha-gedola helper to tav, changing x to y",וַ֠אֲמָתֶךָ,וַ֠אֲמָתֶ֠ךָ
23/02/2022,BD,שמות כ ב–יב,"use new dual cant. template, מ:כפול",,
23/02/2022,BD,"שמות כ,ד","add telisha-gedola helper to qof, changing x to y",פֹּ֠קֵד,פֹּ֠קֵ֠ד
14/02/2022,S(A)K,"איוב כח,ה",Tweaking/correcting indentations in Sifrei Emet.,,
14/02/2022,S(A)K,"משלי ל,יד",Tweaking/correcting indentations in Sifrei Emet.,,
14/02/2022,S(A)K,"משלי כד,יב",Tweaking/correcting indentations in Sifrei Emet.,,
14/02/2022,S(A)K,"משלי כג,לה",Tweaking/correcting indentations in Sifrei Emet.,,
13/02/2022,S(A)K,"תהלים קי,א","Removed superfluous double-slash ""//"" .",,
13/02/2022,S(A)K,"תהלים פח,א","Removed superfluous double-slash ""//"" .",,
13/02/2022,S(A)K,"תהלים פב,א","Removed superfluous double-slash ""//"" .",,
13/02/2022,S(A)K,"תהלים פד,ב","Removed superfluous double-slash ""//"" (in C).",,
13/02/2022,S(A)K,"תהלים עט,א","Removed superfluous double-slash ""//"" .",,
10/02/2022,S(A)K,"תהלים קח,ב",Expand note on open parashah following title that is a full verse.,,
10/02/2022,S(A)K,"תהלים ע,ב",Expand note on open parashah following title that is a full verse.,,
10/02/2022,S(A)K,"תהלים ס,ב",Tweaking/correcting indentations in Sifrei Emet. Schema is now ר1ר3ר1ר1.,,
10/02/2022,S(A)K,"תהלים מ,ו",Tweaking/correcting indentations in Sifrei Emet. Schema is now ר1ר3ר1.,,
10/02/2022,S(A)K,"תהלים כד,א",Tweaking/correcting indentations in Sifrei Emet. Schema is now ר1.,,
10/02/2022,S(A)K,"תהלים כג,ד",Tweaking/correcting indentations in Sifrei Emet. Schema is now ר1ר1ר2ר2.,,
08/02/2022,S(A)K,תהלים קמז ח,Removed ר0 template and added documentation note.,,
08/02/2022,S(A)K,תהלים קמא ד,Removed ר0 template and added documentation note.,,
03/02/2022,BD,בראשית לה כב,move x into each arg of מ:כפול,וַיֵּ֣לֶךְ,
02/02/2022,BD,שמות כ ד,separate args of נוסח using vertical bar ( | ),,
02/02/2022,BD,בראשית לה כב,"use new dual cant. template, מ:כפול",,
02/02/2022,BD,משלי ח לד,denormalized x (moved shin dot closer to shin),שֹׁמֵ֢֫עַֽ,
02/02/2022,BD,תהלים כב כו,denormalized x (moved dagesh closer to lamed),תְֽהִלָּ֫תִ֥י,
28/01/2022,BD,מיוחד special,"""denormalized"" Unicode, moving the following closer to letter: shin dot, sin dot, dagesh/mapiq",,
25/01/2022,S(A)K,שמות כ ד,Corrected documentation note.,,
25/01/2022,S(A)K,שמות כג כד,Added qamaz qatan and documentation note.,,
16/01/2022,BD,איוב יט טז,rm parens around x to match Wikisource,"וכך הכריעו במג""ה",
16/01/2022,BD,דברים כט כב,add missing doc. note starter x,{{נוסח|,
16/01/2022,BD,בראשית יד ח,add missing doc. note starter x,{{נוסח|,
16/01/2022,S(A)K,משלי ל טו,Changed paseq to legarmeih and tweaked documentation note.,,
16/01/2022,S(A)K,תהלים קמג ט,Changed legarmeih to paseq.,,
16/01/2022,S(A)K,תהלים קכה ג,Corrected the placing of internal verse division {{ר2}}.,,
15/01/2022,S(A)K,תהלים נה כד,Changed legarmeih to paseq.,,
15/01/2022,S(A)K,תהלים מד כד,Changed legarmeih to paseq.,,
13/01/2022,S(A)K,איוב יט טז,Moved geresh to stressed word in maqaf compound.,,
13/01/2022,S(A)K,ישעיהו מה יח,"Added second accent telisha gedolah (""stress helper"").",,
04/01/2022,S(A)K,משלי יט יט,Added qamaz qatan.,,
04/01/2022,S(A)K,ישעיהו מא כה,Added qamaz qatan.,,
04/01/2022,S(A)K,"שמ""א טז כב",Added qamaz qatan.,,
04/01/2022,S(A)K,שופטים יב ו,Added qamaz qatan.,,
04/01/2022,S(A)K,יהושע ט ז,Added qamaz qatan.,,
03/01/2022,S(A)K,יחזקאל כט יא,Added qamaz qatan to 2nd תעבר-בה.,,
18/12/2021,S(A)K,דברים כט כב,"Changed קו""כ-אם template to כו""ק (basically adding a new קרי וכתיב) and changed documentation note following correspondence with Yosef Ofer.",,
18/12/2021,S(A)K,בראשית יד ח,"Changed קו""כ-אם template to כו""ק (basically adding a new קרי וכתיב) and changed documentation note following correspondence with Yosef Ofer.",,
18/12/2021,S(A)K,בראשית יד ב,"Changed קו""כ-אם template to כו""ק (basically adding a new קרי וכתיב) and changed documentation note following correspondence with Yosef Ofer.",,
16/12/2021,S(A)K,"דה""א כט טז",Removed meteg from ההמון.,,
15/12/2021,BD,מיוחד special,Replaced 2459 instances of regexp \n (newline) with // (double forward slash). Remaining work is the hard part: denormalize Hebrew to standard-but-not-normal form.,,
13/12/2021,BD,דברים ה טז,Use מ:טעם ומתג באות אחת not שני טעמים באות אחת.,,
13/12/2021,BD,דברים ה ו,Use מ:טעם ומתג באות אחת not שני טעמים באות אחת.,,
13/12/2021,BD,שמות כ יב,Use מ:טעם ומתג באות אחת not שני טעמים באות אחת.,,
13/12/2021,BD,שמות כ ט,Use מ:טעם ומתג באות אחת not שני טעמים באות אחת.,,
13/12/2021,BD,שמות כ ב,Use מ:טעם ומתג באות אחת not שני טעמים באות אחת.,,
13/12/2021,BD,בראשית לה כב,Use מ:טעם ומתג באות אחת not שני טעמים באות אחת.,,
13/12/2021,BD,"דה""א טז תתת","Moved cell C to ""מיוחד special"" tab. Filled cell C with ending <noinclude>...</noinclude> from Wikisource. These are 7 of the 8 chapters containing ""song"" sections. (The 8th song chapter is the chapter containing shirat hayam and it was already done way back on Aug 30 by Avi.)",,
13/12/2021,BD,אסתר ט תתת,"Moved cell C to ""מיוחד special"" tab. Filled cell C with ending <noinclude>...</noinclude> from Wikisource. These are 7 of the 8 chapters containing ""song"" sections. (The 8th song chapter is the chapter containing shirat hayam and it was already done way back on Aug 30 by Avi.)",,
13/12/2021,BD,קהלת ג תתת,"Moved cell C to ""מיוחד special"" tab. Filled cell C with ending <noinclude>...</noinclude> from Wikisource. These are 7 of the 8 chapters containing ""song"" sections. (The 8th song chapter is the chapter containing shirat hayam and it was already done way back on Aug 30 by Avi.)",,
13/12/2021,BD,"שמ""ב כב תתת","Moved cell C to ""מיוחד special"" tab. Filled cell C with ending <noinclude>...</noinclude> from Wikisource. These are 7 of the 8 chapters containing ""song"" sections. (The 8th song chapter is the chapter containing shirat hayam and it was already done way back on Aug 30 by Avi.)",,
13/12/2021,BD,שופטים ה תתת,"Moved cell C to ""מיוחד special"" tab. Filled cell C with ending <noinclude>...</noinclude> from Wikisource. These are 7 of the 8 chapters containing ""song"" sections. (The 8th song chapter is the chapter containing shirat hayam and it was already done way back on Aug 30 by Avi.)",,
13/12/2021,BD,יהושע יב תתת,"Moved cell C to ""מיוחד special"" tab. Filled cell C with ending <noinclude>...</noinclude> from Wikisource. These are 7 of the 8 chapters containing ""song"" sections. (The 8th song chapter is the chapter containing shirat hayam and it was already done way back on Aug 30 by Avi.)",,
13/12/2021,BD,דברים לב תתת,"Moved cell C to ""מיוחד special"" tab. Filled cell C with ending <noinclude>...</noinclude> from Wikisource. These are 7 of the 8 chapters containing ""song"" sections. (The 8th song chapter is the chapter containing shirat hayam and it was already done way back on Aug 30 by Avi.)",,
12/12/2021,BD,דברים ה טז,Stopped using שני ... אחת template to implement x. (It is not needed.),וְלֹ֣֖א,
12/12/2021,BD,דברים ה יד,Stopped using שני ... אחת template to implement x. (It is not needed.),בְּיָ֥֤ד,
12/12/2021,BD,דברים ה יג,Stopped using שני ... אחת template to implement x. (It is not needed.),הַשְּׁבִיעִ֔֜י,
12/12/2021,BD,דברים ה ט,Stopped using שני ... אחת template to implement x. (It is not needed.),וְעֹ֥֤שֶׂה,
12/12/2021,BD,בראשית לה כב,Stopped using שני ... אחת template to implement x. (It is not needed.),רְאוּבֵ֗֔ן,
12/12/2021,BD,מלכים ב יז יג,"In doc. note, use x instead of שני ... אחת; use ‹› instead of <>. These are changes 4 & 5 of 5 like this.",שֻׁ֠+ש֜בוּ,
12/12/2021,BD,בראשית ה כט,"In doc. note, use x instead of שני ... אחת; use ‹› instead of <>. These are changes 4 & 5 of 5 like this.",זֶ֠+ז֞ה,
12/12/2021,BD,בראשית לה כב,"In doc. note, use plus (+) notation instead of  שני ... אחת template. This is change 3 of 5 like this.",רְאוּבֵ֔+ב֗ן (רְאוּבֵ֔֗ן),
12/12/2021,BD,שמות כ יב,"In doc. note, use plus (+) notation instead of  שני ... אחת template. Also add final xet (ח), which was missing. This is change 2 of 5 like this.",תִּֿרְצַ֖+צָֽח (תִּֿרְצַ֖͏ָֽח),
12/12/2021,BD,איוב יא יג,add ב prefix in x,(וכן במכון ממרא!),
12/12/2021,BD,בראשית יז כ,"Removed the ה that I added, reverting ראו את ההערה הנוסח to ראו את הערה הנוסח. And, changed final ה to ת, yielding הערת.",,
12/12/2021,BD,21 places in Pr & Jb,rm 2nd רווח=לא from 21 cases of ר0|רווח=לא|רווח=לא,"Pr6:14, 8:29, 25:13; Jb4:16, 5:5, 10:3, 10:17, 10:22, 12:3, 12:6, 14:13, 15:28, 19:27, 19:29, 24:24, 28:3, 28:4, 32:11, 34:19, 34:29, 39:25",
12/12/2021,BD,צפניה ב טו,"In doc. note, use x instead of שני ... אחת; use ‹› instead of <>.  This is change 1 of 5 like this.",זֹ֠+ז֞את,
11/12/2021,BD,עזרא ב לו,remove line breaks (//) (double forward slash) around פסקא באמצע פסוק.,,
11/12/2021,BD,שמואל ב כד יא,remove line breaks (//) (double forward slash) around פסקא באמצע פסוק.,,
11/12/2021,BD,שמואל א כ כז,remove line breaks (//) (double forward slash) around פסקא באמצע פסוק.,,
11/12/2021,BD,שמואל א טז יב,remove line breaks (//) (double forward slash) around פסקא באמצע פסוק.,,
08/12/2021,BD,דברים ה ו,Use new templates to encode QUPO words.,,
08/12/2021,BD,דברים ה ז,Use new templates to encode QUPO words.,,
08/12/2021,BD,שמות כ ב,Use new templates to encode QUPO words.,,
08/12/2021,BD,שמות כ ג,Use new templates to encode QUPO words.,,
07/12/2021,BD,בראשית מד טז,Sync documentation note with Wikisource. Mostly this meant adding the word מלעיל (in parens).,{{נוסח|הִנֶּ֤נּוּ|=ל (מלעיל)|הקלדה=הִנֶּנּ֤וּ (טעות בעקבות BHS)}},
07/12/2021,BD,בראשית לה כב,"Sync documentation note with Wikisource. Mostly this meant moving doc out of ""comment on empty string"" to comment on פסקא באמצע פסוק.",,
05/12/2021,S(A)K,יהושע כא לה,Further changes (simplification) to the same documentation note.,,
04/12/2021,S(A)K,יהושע כא לה,Updated documentation note.,,
03/12/2021,BD,בראשית לב יח,Add אאא in phrase לפי אאא הרב ירמיהו וידר in doc note.,ויינברג (3.2.3.2) וכך נשמע גם בקריאתו של,
03/12/2021,BD,בראשית יז כ,"Changed הערה to ההערה in the phrase x based on my very limited understanding of Hebrew. ההערה is what Wikisource has, although Wikisource did not have הנוסח (it now does).",ראו את ההערה הנוסח בתחילת פרשת כי תשא,
03/12/2021,BD,בראשית ה כט,Added documentation sub-note x.,"הקלדה=זֶ֠ה (תלישא בלבד!) ואף העירו בגירסאות קודמות, אמנם רואים גם את הגרשיים בכתי""ל.",
02/12/2021,BD,דברים יח יד,"Added two question marks to documentation note, reflecting brown-speck uncertainty in L.",ל?=נָ֛תַן (בנקודת תביר?!),
02/12/2021,BD,בראשית לט יט,"Added two question marks to documentation note, reflecting brown-speck uncertainty in L.","ל?=עָ֥שָׂהּ (נקודת מפיק בה""א?!)",
02/12/2021,S(A)K,דברים א לג,Corrected documentation note.,,
02/12/2021,S(A)K,במדבר י ח,Corrected documentation note.,,
02/12/2021,S(A)K,במדבר ג כז,Corrected documentation note.,,
02/12/2021,S(A)K,במדבר ג ו,Corrected documentation note.,,
02/12/2021,S(A)K,ויקרא כז כח,Corrected documentation note.,,
02/12/2021,S(A)K,ויקרא ו ב,Added rafeh to the note as well.,,
30/11/2021,S(A)K,בראשית לד כח,Updated documentation note.,,
29/11/2021,S(A)K,בראשית טו ה,Added documentation note.,,
29/11/2021,S(A)K,דברים כ יב,Slight modification to documentation note.,,
29/11/2021,S(A)K,דברים לג כו,Slight modification to documentation note.,,
28/11/2021,BD,שמות יג יד,Added x & y (shown next columns),"בהערה על פעלי ""אֶפְעָל""",שם
27/11/2021,BD,עובדיה א יא,Added documentation לגבי הקמץ הקטן ראו ויינברג 3.2.1.3.,,
27/11/2021,BD,תהלים ל ד,"In documentation, rm single quote from ביו""'ד to make ביו""ד; add ץ to קמ to make קמץ.",,
26/11/2021,S(A)K,"שמ""א א,ט ""אׇכְלָ֥הֿ""; שמ""א כ,כ ""צִדָּ֣הֿ""; מל""א יד,יב ""בְּבֹאָ֥הֿ""; מל""ב ח,ו ""עָזְבָ֥הֿ""; ישעיהו יח,ה ""נִצָּ֑הֿ""; ישעיהו כא,ב ""כׇּל־אַנְחָתָ֖הֿ""; ישעיהו כג,יז ""לְאֶתְנַנָּ֑הֿ""; ישעיהו ל,כז ""מַשָּׂאָ֑הֿ""; ישעיהו ל,לב ""מֽוּסָדָ֔הֿ""; ישעיהו מה,ו ""וּמִמַּ֣עֲרָבָ֔הֿ""; ישעיהו סה,יח ""גִּילָ֖הֿ""; ירמיהו ו,ו ""עֵצָ֔הֿ""; יחזקאל טז,מד ""כְּאִמָּ֖הֿ""; יחזקאל כא,טז ""לְמׇרְטָ֖הֿ""; יחזקאל כד,ו ""חֶלְאָתָ֣הֿ""; יחזקאל כז,כ ""לְרִכְבָּֽהֿ׃""; יחזקאל לט,טז ""הֲמוֹנָ֖הֿ""; יחזקאל מז,י ""לְמִינָהֿ֙""; הושע ט,י ""כְּבִכּוּרָ֤הֿ""; עמוס א,יא ""שְׁמָ֥רָהֿ""; צפניה ב,יד ""אַרְזָ֖הֿ""; זכריה ד,ז ""הָרֹאשָׁ֔הֿ""; תהלים מח,יד ""לְֽחֵילָ֗הֿ""; משלי יב,כח ""נְתִיבָ֣הֿ""; משלי כא,כב ""מִבְטֶחָֽהֿ׃""; איוב לא,כב ""מִקָּנָ֥הֿ""; איוב לא,כב ""מִשִּׁכְמָ֣הֿ""; איוב לג,ה ""עֶרְכָ֥הֿ""; רות ב,יד ""וַיֹּ֩אמֶר֩ לָ֨הֿ""; עזרא ו,ב ""דִּכְרוֹנָֽהֿ׃"".",Added rafeh mark in 29 different verses throughout the books of Nevi'im and Ketuvim. In Job 31:22 it was added twice.,,
25/11/2021,S(A)K,"שמות ב,ג ""וַתַּחְמְרָ֥הֿ""; שמות ט,יח ""הִוָּסְדָ֖הֿ""; ויקרא ו,ב ""מוֹקְדָ֨הֿ""; ויקרא יב,ד ""טׇהֳרָ֑הֿ""; ויקרא יב,ה ""טׇהֳרָֽהֿ""; ויקרא יב,ז ""וְטָהֲרָ֖הֿ""; ויקרא יג,ד ""וּשְׂעָרָ֖הֿ""; ויקרא יג,כא ""וּשְׁפָלָ֥הֿ""; ויקרא יג,כו ""וּשְׁפָלָ֥הֿ""; ויקרא יט,כ ""חֻפְשָׁ֖הֿ""; ויקרא כ,טז ""לְרִבְעָ֣הֿ""; ויקרא כו,לד ""הׇשַּׁמָּ֔הֿ""; ויקרא כו,לה ""הׇשַּׁמָּ֖הֿ""; ויקרא כו,מג ""בׇּהְשַׁמָּהֿ֙""; במדבר טו,כח ""בְּחֶטְאָ֥הֿ""; במדבר טו,לא ""עֲוֺנָ֥הֿ""; דברים לג,כז ""מְעֹנָהֿ֙"".",Added rafeh mark in 17 different verses throughout the Torah. In Leviticus 26:35 there is also a slight tweak to the documentation note (ASCII plain double quote).,,
25/11/2021,S(A)K,דברים ה ח,Added documentation note on תעבדם.,,
25/11/2021,S(A)K,שמות כ ד,Added documentation note on תעבדם.,,
25/11/2021,BD,משלי ח לד,Moved gray maqaf & 2nd atom out of doc target (doc 1st arg). Also changed 201D (right dbl. quot.) (curvy) to plain old ASCII double quote (straight).,{{מ:מקף אפור}}לִ֥י,"Even though ASCII dbl. quot. is ugly, it is easy to enter and is our standard. And 201D isn't real gershayim punctuation anyway! These changes are to sync with what's in Wikisource, choosing to make the change in this ""direction,"" i.e. change the Google Sheet, because I think what's in Wikisource is preferred in this case."
25/11/2021,S(A)K,"דברים ו,כ; דברים יד,כו; ירמיהו כג,לג; איוב מ,ז; איוב מב,ד","Unified the imperfect (future) form of the verb שאל in six places, so that they all have long qamaz. The first instance (Exodus 13:14) has no change. The last five instances now have a short note referring to that verse. Previously the last five had the word inside the מ:קמץ template or lacked a note.",,
25/11/2021,S(A)K,"בראשית יז,כג; בראשית כח,טו; שמות יד,ה; שמות כא,כו; שמות כג,כ; שמות כה,י; שמות לח,יח; יהושע ה,א; שופטים ט,יב; שמ""א כב,טו; שמ""א כב,יז; שמ""א כד,י; שמ""א כט,ג; מל""א ד,יב; מל""א יא,א; מל""ב ח,ו; ישעיהו ה,ט; ישעיהו יט,יז; ישעיהו ל,יב; ירמיהו מט,יא; יחזקאל ה,ז; יחזקאל טז,יח; יחזקאל כג,מא; יחזקאל כז,יא; יחזקאל לב,כ; נחום ב,ד; תהלים קלט,טו; משלי כא,יג; איוב לג,כג; איכה ג,יט; נחמיה ז,ז; דה""ב לו,כא","Added multiple qamaz qatan (16 more places); in Isaiah 30:12 the qq appears within a template, and in Ezekiel 32:20 there is a change in the documentation template.",,
24/11/2021,S(A)K,"בראשית יז,כג; בראשית כח,טו; שמות יד,ה; שמות כא,כו; שמות כג,כ; שמות כה,י; שמות לח,יח; יהושע ה,א; שופטים ט,יב; שמ""א כב,טו; שמ""א כב,יז; שמ""א כד,י; שמ""א כט,ג; מל""א ד,יב; מל""א יא,א; מל""ב ח,ו",Added multiple qamaz qatan (16 places),,
24/11/2021,BD,שיר השירים ד ג,added the parenthetical phrase x after דפוס ונציה,"(ובעוד שני כתבי־יד שנבדקו ע""י ברויאר)",
23/11/2021,BD & S(A)K,במדבר ג כז,"Changed qamats to qq in documentation note, then reverted.",ל=הָֽעׇזִּיאֵלִ֑י,
23/11/2021,BD,רות א ג,Changed qamats to qq in x (vayamot),וַיָּ֥מׇת (וַ יָּ֥ מׇ ת),
23/11/2021,BD,רות ב י,Changed qamats to qq in x (nokhriyah),נׇכְרִיָּֽה׃,
22/11/2021,BD,דניאל ד ד,Changed qamats to qq in x (oliyon),עׇלִּ֗ין,
22/11/2021,S(A)K,בראשית לו לד,Changed qamats to qamats qatan.,(12 of 12),
22/11/2021,S(A)K,שופטים כא כב,Changed qamats to qamats qatan.,(11 of 12),
22/11/2021,S(A)K,ישעיהו מד כג,Changed qamats to qamats qatan.,(10 of 12),
22/11/2021,S(A)K,ישעיהו מט יג,Changed qamats to qamats qatan.,(9 of 12),
22/11/2021,S(A)K,ישעיהו נד א,Changed qamats to qamats qatan.,(8 of 12),
22/11/2021,S(A)K,ירמיהו לא ו,Changed qamats to qamats qatan.,"(7 of 12) Note that this is verse 7 in some editions, not verse 6.",
22/11/2021,S(A)K,ירמיהו נ כו,Changed qamats to qamats qatan.,(6 of 12),
22/11/2021,S(A)K,נחום ב א,Changed qamats to qamats qatan.,(5 of 12),
22/11/2021,S(A)K,צפניה ג יד,Changed qamats to qamats qatan.,(4 of 12),
22/11/2021,S(A)K,זכריה ב יד,Changed qamats to qamats qatan.,(3 of 12),
22/11/2021,S(A)K,"דה""א א נ",Changed qamats to qamats qatan.,(2 of 12),
22/11/2021,S(A)K,"דה""א כג כב",Changed qamats to qamats qatan.,(1 of 12),
22/11/2021,S(A)K,עזרא ד יד,Changed space to maqaf in x. Added documentation note.,אֲֽרִֽיךְ־לַ֖נָא,
22/11/2021,S(A)K,עזרא ד ג,Moved accent munah to the letter כ in לא לכם and added documentation note.,,
22/11/2021,S(A)K,מלכים א ח יא,Corrected accent in the word מפני from merkha to munah; based on AC and LC (credit to Michael Escott).,,
17/11/2021,S(A)K,שמות טו ב,Added qamats qatan.,,
19/11/2021,S(A)K,במדבר כו ב,Updated documentation note.,,
17/11/2021,S(A)K,תהלים קיט קטז,Added qamats qatan.,,
17/11/2021,S(A)K,תהלים קיח יד,Added qamats qatan.,,
17/11/2021,S(A)K,תהלים פו טז,Added qamats qatan.,,
17/11/2021,S(A)K,תהלים לב ז,Added qamats qatan.,,
17/11/2021,S(A)K,תהלים ד ב,Added qamats qatan.,,
17/11/2021,S(A)K,בראשית ב י,Updated documentation note.,,
16/11/2021,S(A)K,תהלים ט יד,Added to documentation note.,,
16/11/2021,S(A)K,תהלים לח כא,Changed qamats to qamats qatan and added documentation note.,,
16/11/2021,BD,תהלים קלז ג,Changed {{אתנח הפוך}} to {{גלגל}}.,,
16/11/2021,BD,תהלים נו יד,Changed {{אתנח הפוך}} to {{גלגל}}.,,
16/11/2021,BD,תהלים קה כ,Add dagesh to yod patax in x.,וַיַּתִּירֵ֑הוּ,
14/11/2021,S(A)K,תהלים קיט יד,Added documentation note on the word x.,שַּׂ֗שְׂתִּי,
11/11/2021,BD,תהלים עט י,decompose letter and dagesh in recent change,,
11/11/2021,S(A)K,תהלים קמז ב,Removed meteg from x.,יְרֽוּשָׁלִַ֣ם,
11/11/2021,S(A)K,תהלים עט א,Removed meteg from x.,אֶת־יְרוּשָׁלַ֣͏ִם,
11/11/2021,S(A)K,תהלים עט י,Added קרי וכתיב within documentation template.,,
08/11/2021,BD,תהלים לח י,Added reviaʿ and meteg doc,{{נוסח|אֲֽדֹנָ֗י|א=געיה ימנית}},
03/11/2021,S(A)K,תהלים כד ג,Added reviaʿ in וּמִי־יָ֝ק֗וּם (missing in L).,,
03/11/2021,S(A)K,תהלים כא ט,Added reviaʿ in יְ֝מִֽינְךָ֗ (missing in L).,,
03/11/2021,S(A)K,תהלים כא ו,Added reviaʿ in וְ֝הָדָ֗ר (missing in L).,,
02/11/2021,BD,תהלים מה יח,Moved reviaʿ back from shuruq to dalet in yehodukha (יְ֝הוֹד֗וּךָ),,
14/10/2021,BD,תהלים פו ב,"In note, changed accent order to merkha-then-oleh: {{נוסח|אָ֥֫נִי|א=אָ֥נִי}}.",,
14/10/2021,BD,תהלים ל יב,"In note, changed accent order to merkha-then-oleh: {{נוסח|לִ֥֫י|א=לִ֥י}}.",,
14/10/2021,BD,משלי ח לד,"In note, changed YBY to AH in the word שֹׁמֵ֢֫עַֽ.",,
14/10/2021,S(A)K,תהלים ד ז,"Moved ""oleh"" to the letter נ in ""מִֽי־יַרְאֵ֢נ֫וּ־ט֥וֹב"".",,
13/10/2021,BD,משלי ח לד,Changed גלגל to אתנח הפוך. Wikisource was fixed long ago.,,
04/10/2021,S(A)K,אסתר ב כא,Moved silluq to the letter ר as expected and as found in L; correcting error inherited from BHS.,,
26/09/2021,S(A)K,תהלים פו ב,"In note, added ""oleh"": {{נוסח|אָ֥֫נִי|א=אָ֥נִי}}.",,
26/09/2021,S(A)K,תהלים ל יב,"In note, added ""oleh"": {{נוסח|לִ֥֫י|א=לִ֥י}}.",,
14/09/2021,BD,תורה,Added עלייה ראשונה=כן arg to the relevant 54 uses of the מ:פסוק template.,,
13/09/2021,BD,משלי כא כט,Made doc explicit with נוסח template.,,
13/09/2021,BD,ישעיהו מד כד,Made doc explicit with נוסח template.,,
13/09/2021,BD,misc,Made all 15 uses of מ:אות מנוקדת give only 1 argument.,,
13/09/2021,S(A)K,ישעיהו לז ל,Fixed the embedding of templates.,,
10/09/2021,BD,תורה,Standardized on תבנית:טעמי המקרא באינטרנט. This meant 185 changes.,,
10/09/2021,BD,תהלים ל ד,Added mem-colon (מ:) to the 1 remaining use of the קמץ template.,,
09/09/2021,BD,"איכה, קהלת, ישעיהו, מלאכי",Replaced all 4 {{צבע גופן|אפור|אאא}} with {{מ:סיום בטוב|אאא}}.,,
07/09/2021,BD,תורה וחמש מגילות,Replaced all 29 {{גודל גופן|2|{{הערה|אאא}}}} with {{מ:הערה|אאא}}.,,
06/09/2021,BD,אסתר ט,Removed בעבודה template call & two forward slashes from row 0 (zero) column C.,,
04/09/2021,BD,תהלים,"Added mem-colon (מ:) to all 5 uses of רווח לספר בתהלים template. Those uses are at the start of chapters א, מב, עג, צ, קז.",,
04/09/2021,BD,כתובים אחרונים,Added mem-colon (מ:) to all 12 uses of רווח בתרי עשר template.,,
01/09/2021,S(A)K,דברים לא כט-ל,Corrected inconsistencies in the tags which mark the beginning and ending of lines in Torah scrolls right before the Song of Moses.,,
30/08/2021,S(A)K,שמות טו תתת,Removed no-longer relevant footnote from the code.,,
26/08/2021,S(A)K,צפניה ב ט,"The word ""יבזום"" with qamats qatan.",,
07/08/2021,BD,שמואל ב כג ט,"Added pashta, making בַּפְּלִשְׁתִּים֙. Perhaps missing pashta was ""inherited"" from UXLC.",,
07/08/2021,BD,תהלים סח יג,"Added maqaf, making וּנְוַת־. Perhaps missing maqaf was ""inherited"" from UXLC.",וּנְוַת־{{נוסח|בַּ֝֗יִת|...}},
30/07/2021,S(A)K,"ישעיהו יד,יד; ישעיהו נח,יד; עמוס ד,יד; מיכה א,ג; איוב ט,ח.","The word במתי occurs in six places: Deuteronomy 32:13, Isaiah 14:14, Isaiah 58:14, Amos 4:13, Micah 1:3, Job 9:8. In the last five places a documentation note has been added or changed to refer to information about the word provided in the note at Deuteronomy 32:13 (regarding the qamats in the letter ב). In the last three places qamats qatan has been changed to qamats.",,
05/07/2021,S(A)K,נחום ג ט,qamats qatan in עצמה.,,
05/07/2021,S(A)K,נחום ג ז,qamats qatan in שדדה.,,
16/06/2021,S(A)K, מלאכי ב ז,Added documentation note about meteg in letter ה.,,
24/05/2021,S(A)K,הושע יב ט,Holam haser in עָוֺ֥ן.,,
30/03/2021,BD,RDM & tmpl,"In README & template documentation, standardized on masorah (ma). Sometimes mesorah (me) was used.",,
26/03/2021,S(A)K,README,Some general updates and improvements to the README sheet.,,
23/03/2021,BD,שמות כ ג,Removed space after doc of paseq (***),בַּשָּׁמַ֣֙יִם֙{{נוסח|{{מ:פסק}}|1}}***{{נוסח|מִמַּ֔֡עַל|2|3}},
23/03/2021,BD,עזרא ד ב,Removed space after kq ending in legarmeih,"{{כו""ק|ולא|וְל֣וֹ{{מ:לגרמיה}}}}אֲנַ֣חְנוּ",
23/03/2021,BD,דניאל ט יב,Removed space after qk ending in legarmeih,"{{קו""כ|דבריו|דְּבָר֣וֹ{{מ:לגרמיה}}}}אֲשֶׁר־דִּבֶּ֣ר",
23/03/2021,BD,ויקרא ח כג,Removed space after large ending in legarmeih (in doc),<{{מ:אות-ג|וַיִּשְׁחָ֓ט{{מ:לגרמיה}}}}>,
21/03/2021,BD,במדבר כג יג,move trailing maqaf inside kq template,"{{כו""ק|לך|לְכָה־}}נָּ֨א",T01
21/03/2021,BD,שמואל א כ כד,move trailing maqaf inside kq template,"{{כו""ק|על|אֶל־}}הַלֶּ֖חֶם",NR01
21/03/2021,BD,שמואל א כב טו,move trailing maqaf inside kq template,"{{כו""ק|לשאול|לִשְׁאָל־}}ל֥וֹ",NR02
21/03/2021,BD,שמואל א כח ח,move trailing maqaf inside kq template,"{{כו""ק|קסומי|קָסֳמִי־}}נָ֥א",NR03
21/03/2021,BD,שמואל ב יד ז,move trailing maqaf inside kq template,"{{כו""ק|שום|שִׂים־}}לְאִישִׁ֛י",NR04
21/03/2021,BD,שמואל ב כא ו,move trailing maqaf inside kq template,"{{כו""ק|ינתן|יֻתַּן־}}לָ֜נוּ",NR05
21/03/2021,BD,מלכים א יז יד,move trailing maqaf inside kq template,"{{כו""ק|תתן|תֵּת־}}יְהֹוָ֛ה",NR06
21/03/2021,BD,מלכים ב ג כד,move trailing maqaf inside kq template,"{{כו""ק|ויבו|וַיַּ֨כּוּ־}}בָ֔הּ",NR07
21/03/2021,BD,מלכים ב ו כה,move trailing maqaf inside kq template,"{{כו""ק|חרי|דִּב־}}יוֹנִ֖ים",NR08
21/03/2021,BD,מלכים ב טז יז,move trailing maqaf inside kq template,"{{כו""ק|ואת|אֶת־}}הַכִּיֹּ֔ר",NR09
21/03/2021,BD,מלכים ב כג י,move trailing maqaf inside kq template,"{{כו""ק|בני|בֶן־}}הִנֹּ֑ם",NR10
21/03/2021,BD,ישעיהו י לב,move trailing maqaf inside kq template,"{{כו""ק|בית|בַּת־}}צִיּ֔וֹן",NA01
21/03/2021,BD,ישעיהו סה ז,move trailing maqaf inside kq template,"{{כו""ק|על|אֶל־}}חֵיקָֽם׃",NA02
21/03/2021,BD,ירמיהו ג יט,move trailing maqaf inside kq template,"{{כו""ק|תקראו|תִּקְרְאִי־}}לִ֔י",NA03
21/03/2021,BD,ירמיהו ה ז,move trailing maqaf inside kq template,"{{כו""ק|אסלוח|אֶֽסְלַֽח־}}לָ֔ךְ",NA04
21/03/2021,BD,ירמיהו לג ח,move trailing maqaf inside kq template,"{{כו""ק|לכול|לְכׇל־}}עֲוֺנֽוֹתֵיהֶם֙",NA05
21/03/2021,BD,ירמיהו נב יא,move trailing maqaf inside kq template,"{{כו""ק|בבית|בֵֽית־}}הַפְּקֻדֹּ֖ת",NA06
21/03/2021,BD,יחזקאל ט ה,move trailing maqaf inside kq template,"{{כו""ק|על|אַל־}}תָּחֹ֥ס",NA07
21/03/2021,BD,יחזקאל כד ב,move trailing maqaf inside kq template,"{{כו""ק|כתוב|כְּתׇב־}}לְךָ֙",NA08
21/03/2021,BD,יחזקאל לו יד,move trailing maqaf inside kq template,"{{כו""ק|תכשלי|תְשַׁכְּלִי־}}ע֑וֹד",NA09
21/03/2021,BD,הושע ט טז,move trailing maqaf inside kq template,"{{כו""ק|בלי|בַֽל־}}יַעֲשׂ֑וּן",NA10
21/03/2021,BD,עמוס ח ד,move trailing maqaf inside kq template,"{{כו""ק|ענוי|עֲנִיֵּי־}}אָֽרֶץ׃",NA11
21/03/2021,BD,נחום ב א,move trailing maqaf inside kq template,"{{כו""ק|לעבור|לַעֲבׇר־}}בָּ֥ךְ",NA12
21/03/2021,BD,רות ד ו,move trailing maqaf inside kq template,"{{כו""ק|לגאול|לִגְאׇל־}}לִ֔י",5M01
21/03/2021,BD,דניאל ב לח,move trailing maqaf inside kq template,"{{כו""ק|אנתה|אַ֨נְתְּ־}}ה֔וּא",KA01
21/03/2021,BD,דניאל ג כה,move trailing maqaf inside ***doc*** template,{{נוסח|בְּגֽוֹא־|...}}נוּרָ֔א,KA02
21/03/2021,BD,דניאל ד יט,move trailing maqaf inside kq template,"{{כו""ק|אנתה|אַנְתְּ־}}ה֣וּא",KA03
21/03/2021,BD,דניאל ה יג,move trailing maqaf inside kq template,"{{כו""ק|אנתה|אַנְתְּ־}}ה֤וּא",KA04
21/03/2021,BD,דברי הימים א יא כ,move trailing maqaf inside kq template,"{{כו""ק|ולא|וְלוֹ־}}שֵׁ֖ם",KA05
21/03/2021,BD,דברי הימים ב לו יד,move trailing maqaf inside kq template,"{{כו""ק|למעול|לִמְעׇל־}}מַ֔עַל",KA06
17/03/2021,S(A)K,"שמ""ב יא ח",Replace רביע with זקף קטן in the word לְא֣וּרִיָּ֔ה.,,
17/03/2021,S(A)K,"שמ""ב יא ד",Replace רביע with זקף קטן in the word עִמָּ֔הּ.,,
13/03/2021,BD,דברים לב,replace {{ססס}} with {{מ:ששש}} in whole chapter,,
13/03/2021,BD,שמות טו,replace {{ססס}} with {{מ:ששש}} in whole chapter,,
13/03/2021,BD,שמואל ב כב,replace {{ססס}} with {{מ:ששש}} in whole chapter,,
13/03/2021,BD,שופטים ה,replace {{ססס}} with {{מ:ששש}} in whole chapter,,
13/03/2021,BD,יהושע יב,replace {{ססס}} with {{מ:ששש}} in whole chapter,,
13/03/2021,BD,אסתר ט,replace {{ססס}} with {{מ:ששש}} in whole chapter,,
13/03/2021,BD,קהלת ג,replace {{ססס}} with {{מ:ששש}} in whole chapter,,
13/03/2021,BD,דברי הימים א טז,replace {{ססס}} with {{מ:ששש}} in whole chapter,,
08/03/2021,S(A)K,"שמ""א א כג",qamats qatan in עד גמלה.,,
04/03/2021,S(A)K,"שמ""א טו כו","Added missing holam to שם הוי""ה",,
04/03/2021,S(A)K,"שמ""א יד לו",Removed superfluous space,,
16/02/2021,S(A)K,במדבר יז כא,Added qamats qatan,,
06/02/2021,BD,תהלים קמז יב,Remove extra final vertical line from ירושלם template.,,
06/02/2021,BD,במדבר כז ה,Remove extra final vertical line from אות-ג template.,,
01/01/2021,S(A)K,איכה ד ד,Tweak to documentation note.,,
23/12/2020,S(A)K,אסתר ט ט,"Restored note to ""ארדי"".",,
22/12/2020,S(A)K,ויקרא כה כ,Improvement to documentation note.,,
13/12/2020,BD,דניאל יא יח,"move {{מ:פסק}} outside {{כו""ק}}, causing it to be like אסתר י,א",,
13/12/2020,S(A)K,אסתר ט ט,"Removed note from ""ארדי"".",,
13/12/2020,S(A)K,אסתר ט ב,Changed note and documentation note.,,
13/12/2020,S(A)K,אסתר ח יא,Changed note and documentation note.,,
03/12/2020,S(A)K,ירמיהו א ה,"qamats qatan in ""אֶצׇּרְךָ֤"".",,
03/12/2020,S(A)K,מיכה ו ה,Added documentation note.,,
01/12/2020,S(A)K,יהושע כא לה,Added to documentation note.,,
28/11/2020,S(A)K,תהלים קט כא,Corrected vocalization from Adonai to Elohim in order to remove error inserted when zinnorit was moved from ה to י as found in A (see the change listed on 24/11/2020 which was implemented improperly).,,
28/11/2020,S(A)K,משלי ל ט,Removed {{מ:מקף אפור}} after word with merkha in Sifrei Emet.,,
28/11/2020,S(A)K,תהלים עד ט,Removed {{מ:מקף אפור}} after word with merkha in Sifrei Emet.,,
28/11/2020,S(A)K,תהלים מב ה,Removed {{מ:מקף אפור}} after word with merkha in Sifrei Emet.,,
28/11/2020,S(A)K,תהלים לה י,Removed {{מ:מקף אפור}} after word with merkha in Sifrei Emet.,,
28/11/2020,S(A)K,תהלים טו ה,Removed {{מ:מקף אפור}} after word with merkha in Sifrei Emet.,,
27/11/2020,BD,ישעיהו ו ז,change double space to single,,
27/11/2020,BD,ויקרא ד ב,rm trailing space from doc template 1st arg (was zinor space vertbar),,
27/11/2020,BD,במדבר כ יט,rm trailing space from doc template 1st arg (was zinor space vertbar),,
27/11/2020,BD,דניאל ט יט,Change legarmeih to paseq before zaqef qatan.,,
27/11/2020,BD,ירמיהו ד יט,Revert paseq back to legarmeih. I.e. revert pas-pas to leg-pas.,,
27/11/2020,BD,ירמיהו יא ה,Changed legarmeih to paseq after merkha.,,
27/11/2020,BD,במדבר כב כ,Changed legarmeih to paseq after merkha.,,
27/11/2020,S(A)K,משלי ל ט,Added {{מ:מקף אפור}} after word with merkha in Sifrei Emet.,,
27/11/2020,S(A)K,תהלים עד ט,Added {{מ:מקף אפור}} after word with merkha in Sifrei Emet.,,
27/11/2020,S(A)K,תהלים מב ה,Added {{מ:מקף אפור}} after word with merkha in Sifrei Emet.,,
27/11/2020,S(A)K,תהלים לה י,Added {{מ:מקף אפור}} after word with merkha in Sifrei Emet.,,
27/11/2020,S(A)K,תהלים טו ה,Added {{מ:מקף אפור}} after word with merkha in Sifrei Emet.,,
27/11/2020,S(A)K,תהלים נו ה,Added documentation note.,,
27/11/2020,S(A)K,תהלים יא א,Added documentation note.,,
27/11/2020,S(A)K,תהלים לב י,"Moved ""oleh"" to the syllable fit for a secondary stress (meteg) as usually found in A (although not in this case), added documentation note.֫",,
27/11/2020,S(A)K,תהלים קלז ז,"Moved ""oleh"" to the syllable fit for a secondary stress (meteg) as usually found in A (although not in this case), added documentation note.֫",,
27/11/2020,S(A)K,תהלים סח כא,"Moved ""oleh"" to the syllable fit for a secondary stress (meteg) as usually found in A (although not in this case), added documentation note.֫",,
27/11/2020,S(A)K,תהלים נב ט,"Moved ""oleh"" to the syllable fit for a secondary stress (meteg) as usually found in A (although not in this case), added documentation note.",,
26/11/2020,S(A)K,משלי ג ח,qamats qatan in לְשׇׁרֶּ֑ךָ.,,
26/11/2020,S(A)K,תהלים קנ א,Added {{מ:מקף אפור}} after word with merkha in Sifrei Emet.,,
26/11/2020,S(A)K,תהלים קמט א,Added {{מ:מקף אפור}} after word with merkha in Sifrei Emet.,,
26/11/2020,S(A)K,תהלים קמח א,Added {{מ:מקף אפור}} after word with merkha in Sifrei Emet.,,
26/11/2020,S(A)K,תהלים קמז א,Added {{מ:מקף אפור}} after word with merkha in Sifrei Emet.,,
26/11/2020,S(A)K,תהלים קלה א,Added {{מ:מקף אפור}} after word with merkha in Sifrei Emet.,,
26/11/2020,S(A)K,תהלים קיג א,Added {{מ:מקף אפור}} after word with merkha in Sifrei Emet.,,
26/11/2020,S(A)K,תהלים קיב א,Added {{מ:מקף אפור}} after word with merkha in Sifrei Emet.,,
26/11/2020,S(A)K,תהלים קיא א,Added {{מ:מקף אפור}} after word with merkha in Sifrei Emet.,,
26/11/2020,S(A)K,תהלים קו א,Added {{מ:מקף אפור}} after word with merkha in Sifrei Emet.,,
26/11/2020,S(A)K,משלי ג יב,Added {{מ:מקף אפור}} after word with merkha in Sifrei Emet.,,
26/11/2020,S(A)K,תהלים ס ב,Added {{מ:מקף אפור}} after word with merkha in Sifrei Emet.,,
26/11/2020,S(A)K,תהלים מז ה,Added {{מ:מקף אפור}} after word with merkha in Sifrei Emet.,,
26/11/2020,S(A)K,משלי יט ז,Added {{מ:מקף אפור}} after word with merkha in Sifrei Emet.,,
26/11/2020,S(A)K,תהלים לה י,Added {{מ:מקף אפור}} after word with merkha in Sifrei Emet.,,
25/11/2020,S(A)K,תהלים צב ח,Added maqaf and changed documentation note.,,
24/11/2020,S(A)K,בראשית כח טז,Updated documentation note.,,
24/11/2020,S(A)K,תהלים פט ו,Changed documentation note regarding placement of zinnorit.,,
24/11/2020,S(A)K,תהלים קט כא,"Moved zinnorit from ה to י as found in A, and changed documentation note.",,
24/11/2020,S(A)K,תהלים קו מז,"Moved zinnorit from ה to י as found in A, and changed documentation note.",,
24/11/2020,S(A)K,תהלים צט ט,"Moved zinnorit from ה to י as found in A, and changed documentation note.",,
24/11/2020,S(A)K,תהלים צט ה,"Moved zinnorit from ה to י as found in A, and changed documentation note.",,
24/11/2020,S(A)K,תהלים צו י,"Moved zinnorit from ה to י as found in A, and changed documentation note.",,
24/11/2020,S(A)K,תהלים פד ט,"Moved zinnorit from ה to י as found in A, and changed documentation note.",,
24/11/2020,S(A)K,תהלים פא יא,"Moved zinnorit from ה to י as found in A, and changed documentation note.",,
24/11/2020,S(A)K,תהלים פ כ,"Moved zinnorit from ה to י as found in A, and changed documentation note.",,
23/11/2020,S(A)K,משלי ל ט,"Moved ""oleh"" from ה to י as usually found in A (although not in this case), added documentation note.",,
23/11/2020,S(A)K,תהלים קמב ו,"Moved ""oleh"" from ה to י as found in A, and changed documentation note.",,
23/11/2020,S(A)K,תהלים קל ז,"Moved ""oleh"" from ה to י as found in A, and changed documentation note.",,
23/11/2020,S(A)K,תהלים קד א,"Moved ""oleh"" from ה to י as found in A, and changed documentation note.",,
23/11/2020,S(A)K,תהלים פה ט,"Moved ""oleh"" from ה to י as usually found in A (although not in this case), added documentation note.",,
23/11/2020,S(A)K,תהלים פד ג,"Moved ""oleh"" from ה to י as found in A, and changed documentation note.",,
23/11/2020,S(A)K,תהלים כז יד,"Moved ""oleh"" from ה to י as found in A, and changed documentation note.",,
19/11/2020,BD,איכה א ו,embrace trailing maqaf in מִבַּת־,,
19/11/2020,BD,שמואל ב כא יב,"Use new מ:כו""ק של שתי מילים בהערה אחת template",,
17/11/2020,BD,איוב ז יא,Use separate sin dot in אֶחֱשׇׂ֫ךְ,,
17/11/2020,BD,ישעיהו כו כ,Remove extra 2 chars at end: space & sof pasuq.,,
17/11/2020,S(A)K,ירמיהו ד יט,Changed legarmeih to paseq.,,
17/11/2020,S(A)K,יהושע כב כב,Changed legarmeih to paseq.,,
17/11/2020,S(A)K,איוב לח יב,"Used template {{מ:כו""ק של שתי מילים בהערה אחת}} for two adjacent qeri ukhtiv words which appear together in a single masoretic note.",,
17/11/2020,S(A)K,משלי כא כט,"Used template {{מ:כו""ק של שתי מילים בהערה אחת}} for two adjacent qeri ukhtiv words which appear together in a single masoretic note.",,
17/11/2020,S(A)K,יחזקאל מב ט,"Used template {{מ:כו""ק של שתי מילים בהערה אחת}} for two adjacent qeri ukhtiv words which appear together in a single masoretic note.",,
17/11/2020,S(A)K,ירמיהו מח כ,"Used template {{מ:כו""ק של שתי מילים בהערה אחת}} for two adjacent qeri ukhtiv words which appear together in a single masoretic note.",,
17/11/2020,S(A)K,ירמיהו יד יד,"Used template {{מ:כו""ק של שתי מילים בהערה אחת}} for two adjacent qeri ukhtiv words which appear together in a single masoretic note.",,
17/11/2020,S(A)K,"מל""א יז טו","Used template {{מ:כו""ק של שתי מילים בהערה אחת}} for two adjacent qeri ukhtiv words which appear together in a single masoretic note.",,
17/11/2020,S(A)K,"שמ""ב כא יב","Used template {{מ:כו""ק של שתי מילים בהערה אחת}} for two adjacent qeri ukhtiv words which appear together in a single masoretic note.",,
17/11/2020,S(A)K,"שמ""ב ה ב","Used template {{מ:כו""ק של שתי מילים בהערה אחת}} for two adjacent qeri ukhtiv words which appear together in a single masoretic note.",,
17/11/2020,S(A)K,"שמ""א כ ב","Used template {{מ:כו""ק של שתי מילים בהערה אחת}} for two adjacent qeri ukhtiv words which appear together in a single masoretic note.",,
17/11/2020,S(A)K,ישעיהו לו יב,"Used template {{מ:כו""ק קרי שונה מהכתיב בשתי מילים}} for one ketiv word read as an alternative qeri composed of two words (שיניהם read as מימי רגליהם).",,
17/11/2020,S(A)K,"מל""ב יח כז","Used template {{מ:כו""ק קרי שונה מהכתיב בשתי מילים}} for one ketiv word read as an alternative qeri composed of two words (שניהם read as מימי רגליהם).",,
17/11/2020,S(A)K,יחזקאל ט יא,"Used template {{מ:כו""ק קרי שונה מהכתיב בשתי מילים}} for one ketiv word read as an alternative qeri composed of two words (כאשר read as ככל אשר).",,
17/11/2020,S(A)K,"דה""ב לד ו","Used template {{מ:כו""ק כתיב תרתין מילין וקרי מילה חדה}} for this item in the masoretic list of 8 words written as two but read as one.",,
17/11/2020,S(A)K,איכה ד ג,"Used template {{מ:כו""ק כתיב תרתין מילין וקרי מילה חדה}} for this item in the masoretic list of 8 words written as two but read as one.",,
17/11/2020,S(A)K,איכה א ו,"Used template {{מ:כו""ק כתיב תרתין מילין וקרי מילה חדה}} for this item in the masoretic list of 8 words written as two but read as one.",,
17/11/2020,S(A)K,ישעיהו מד כד,"Used template {{מ:כו""ק כתיב תרתין מילין וקרי מילה חדה}} for this item in the masoretic list of 8 words written as two but read as one.",,
17/11/2020,S(A)K,ישעיהו ט ו,"Used template {{מ:כו""ק כתיב תרתין מילין וקרי מילה חדה}} for this item in the masoretic list of 8 words written as two but read as one.",,
17/11/2020,S(A)K,"שמ""א כד,ח","Used template {{מ:כו""ק כתיב תרתין מילין וקרי מילה חדה}} for this item in the masoretic list of 8 words written as two but read as one.",,
17/11/2020,S(A)K,"שמ""א ט,א","Used template {{מ:כו""ק כתיב תרתין מילין וקרי מילה חדה}} for this item in the masoretic list of 8 words written as two but read as one.",,
17/11/2020,S(A)K,שופטים טז כה,"Used template {{מ:כו""ק כתיב תרתין מילין וקרי מילה חדה}} for this item in the masoretic list of 8 words written as two but read as one.",,
17/11/2020,S(A)K,"דה""א ט ד","Used template {{מ:כו""ק כתיב מילה חדה וקרי תרתין מילין בין שני מקפים}} for this item in the masoretic list of 15 words written as one but read as two between two maqafim, along with related tweaks to the documentation note.",,
17/11/2020,S(A)K,נחמיה ב יג,"Used template {{מ:קו""כ כתיב מילה חדה וקרי תרתין מילין}} for this item in the masoretic list of 15 words written as one but read as two following maqaf.",,
17/11/2020,S(A)K,"דה""א כז יב","Used template {{מ:כו""ק כתיב מילה חדה וקרי תרתין מילין}} for this item in the masoretic list of 15 words written as one but read as two.",,
17/11/2020,S(A)K,איוב מ ו,"Used template {{מ:כו""ק כתיב מילה חדה וקרי תרתין מילין}} for this item in the masoretic list of 15 words written as one but read as two.",,
17/11/2020,S(A)K,איוב לח א,"Used template {{מ:כו""ק כתיב מילה חדה וקרי תרתין מילין}} for this item in the masoretic list of 15 words written as one but read as two.",,
17/11/2020,S(A)K,תהלים קכג ד,"Used template {{מ:כו""ק כתיב מילה חדה וקרי תרתין מילין}} for this item in the masoretic list of 15 words written as one but read as two.",,
17/11/2020,S(A)K,תהלים נה טז,"Used template {{מ:כו""ק כתיב מילה חדה וקרי תרתין מילין}} for this item in the masoretic list of 15 words written as one but read as two; legarmeih set to ""space=no"" and the new template set to ""space=yes"" and templates {{ר0}} which immediately follows set to ""space=no"", all so that the square bracket at the end will appear before the space.",,
17/11/2020,S(A)K,תהלים י י,"Used template {{מ:כו""ק כתיב מילה חדה וקרי תרתין מילין}} for this item in the masoretic list of 15 words written as one but read as two.",,
17/11/2020,S(A)K,יחזקאל ח ו,"Used template {{מ:כו""ק כתיב מילה חדה וקרי תרתין מילין}} for this item in the masoretic list of 15 words written as one but read as two.",,
17/11/2020,S(A)K,ירמיהו יח ג,"Used template {{מ:כו""ק כתיב מילה חדה וקרי תרתין מילין}} for this item in the masoretic list of 15 words written as one but read as two.",,
17/11/2020,S(A)K,ירמיהו ו כט,"Used template {{מ:כו""ק כתיב מילה חדה וקרי תרתין מילין}} for this item in the masoretic list of 15 words written as one but read as two.",,
17/11/2020,S(A)K,ישעיהו ג טו,"Used template {{מ:כו""ק כתיב מילה חדה וקרי תרתין מילין}} for this item in the masoretic list of 15 words written as one but read as two.",,
17/11/2020,S(A)K,דברים לג ב,"Used template {{מ:כו""ק כתיב מילה חדה וקרי תרתין מילין}} for this item in the masoretic list of 15 words written as one but read as two.",,
17/11/2020,S(A)K,שמות ד ב,"Used template {{מ:כו""ק כתיב מילה חדה וקרי תרתין מילין}} for this item in the masoretic list of 15 words written as one but read as two.",,
17/11/2020,S(A)K,בראשית ל יא,"Used template {{מ:כו""ק כתיב מילה חדה וקרי תרתין מילין}} for this item in the masoretic list of 15 words written as one but read as two.",,
17/11/2020,S(A)K,ישעיהו כו כ,"Changed documentation note in wake of using {{מ:כו""ק בין שני מקפים}}.",,
15/11/2020,S(A)K,רות ד טו,"Changed ZWJ and medial meteg in ""אֲֽשֶׁר־"" to regular hataf patah and meteg.",,
11/11/2020,S(A)K,איוב ז יא,"Changed קמץ to קמץ קטן in the two words joined by maqaf ""אֶחֱשׇׂ֫ךְ־פִּ֥י"" (following logic as well as several accurate Sephardic recordings).",,
11/11/2020,S(A)K,תהלים ע ו,Regular maqaf and update to documentation note.,,
10/11/2020,S(A)K,תהלים מ יח,"Changed קמץ to קמץ קטן in the two words joined by maqaf ""יַחֲשׇׁ֫ב־לִ֥י"" (following logic as well as several accurate Sephardic recordings), plus removal of meteg in yod.",,
08/11/2020,S(A)K,תהלים עז יז,Changed documentation note.,,
08/11/2020,S(A)K,רשימה,"Added {{מ:מקף אפור}} to 50 verses in Sifrei Emet that are listed in note 82 at the ""where"" link.",,
08/11/2020,S(A)K,תבניות templates,Added {{מ:מקף אפור}} to the list of templates.,,
08/11/2020,S(A)K,משלי ל יט,"Added maqaf between the two words accented by ""oleh ve-yored"", as found in the Aleppo Codex.",,
08/11/2020,S(A)K,משלי ל יז,"Added maqaf between the two words accented by ""oleh ve-yored"", as found in the Aleppo Codex.",,
08/11/2020,S(A)K,משלי כג ז,"Added maqaf between the two words accented by ""oleh ve-yored"", as found in the Aleppo Codex.",,
08/11/2020,S(A)K,משלי ה יט,"Added maqaf between the two words accented by ""oleh ve-yored"", as found in the Aleppo Codex.",,
08/11/2020,S(A)K,תהלים קטו א,"Added maqaf between the two words accented by ""oleh ve-yored"", as found in the Aleppo Codex.",,
03/11/2020,BD,איוב לח טו,use מ:אות תלויה not אות תלויה במקרא,,
30/10/2020,S(A)K,משלי כא כט,Unified two sequential קרי וכתיב based on masorah in A.,,
30/10/2020,S(A)K,ירמיהו יד יד,Unified two sequential קרי וכתיב based on masorah in A.,,
28/10/2020,S(A)K,דברי הימים ב כד כ,"Corrected vocalization in letter ו of ""אֶת־מִצְוֺ֤ת"".",,
21/10/2020,S(A)K,איוב טז ד,Changed {{ר4}} to {{ר3}}.,,
21/10/2020,S(A)K,תהלים טו ה,Used {{ר3}} for the last two stiches.,,
14/10/2020,S(A)K,תהלים נז ט,"Add documentation note to ""ע֭וּרָ֥ה""; MGH reads ""ע֭וּרָֽה"".",,
14/10/2020,S(A)K,תהלים קח יא,"Changed tarha to dehi in ""יֹ֭בִלֵנִי"".",,
14/10/2020,S(A)K,תהלים עג א,"Add documentation note to ""ט֖וֹב"" (with tarha); simanim and Breuer Keter Yerushalayim show ""ט֭וֹב"" with dehi.",,
14/10/2020,S(A)K,תהלים מ טז,"Added tsinorit accent to ""הֶ֘אָ֥ח"" (using U+0598 for correct positioning).",,
14/10/2020,S(A)K,תהלים קו לט,"Correct positioning of accent (dot for revi`a) in ""וַ֝יִּזְנ֗וּ"".",,
14/10/2020,S(A)K,תהלים נב יא,"Removed superfluous meteg from ""וַאֲקַוֶּ֥ה"".",,
14/10/2020,S(A)K,תהלים נב ז,"Changed pashta to azla in ""וְשֵׁרֶשְׁךָ֨"".",,
14/10/2020,S(A)K,תהלים לא טז,"Removed superfluous meteg from ""וּמֵֽרֹדְפָֽי׃"".",,
13/10/2020,S(A)K,דברי הימים א כ ד,"Added maqaf to ""אַחֲרֵי־כֵ֔ן"".",,
13/10/2020,S(A)K,דברי הימים ב כ יג,"Qamats qatan instead of holam in ""וְכׇ֨ל־יְהוּדָ֔ה"".",,
13/10/2020,S(A)K,דברי הימים א ח לא,"Add silluq to ""וָזָֽכֶר׃"".",,
13/10/2020,S(A)K,דברי הימים א יא כ,"Mahpakh in ""ה֤וּא"" rather than yativ.",,
13/10/2020,S(A)K,דברי הימים ב יט ב,"Added double cantillation in ""בֶן־חֲנָ֘נִי֮"".",,
13/10/2020,S(A)K,דברי הימים ב ה יב,"Added double cantillation in ""לִ֠ידֻת֠וּן"".",,
13/10/2020,S(A)K,דברי הימים ב כ ט,"Correct positioning of accent in ""לִפְנֵ֨י"".",,
11/10/2020,S(A)K,ירמיהו מד יט,"Added rafe to ""לְהַ֣עֲצִבָ֔הֿ"".",,
11/10/2020,S(A)K,ירמיהו יז יד,Fixed typo in column C.,,
11/10/2020,S(A)K,ירמיהו כ יז,"Added rafe to ""וְרַחְמָ֖הֿ"".",,
11/10/2020,S(A)K,ירמיהו נ יא,"Mahpakh in ""כִּ֤י"" rather than yativ.",,
11/10/2020,S(A)K,ירמיהו לז ז,"Mahpakh in ""כֹּ֤ה"" rather than yativ.",,
11/10/2020,S(A)K,ירמיהו נב לא,"Correct positioning of accent in ""בִּשְׁנֵ֤ים"".",,
11/10/2020,S(A)K,מלכים ב יח כז,"Correct positioning of accent in ""מֵימֵ֥י"".",,
09/10/2020,S(A)K,מלכים ב יט לא,"Correct positioning of accent in ""צְבָא֖וֹת"".",,
09/10/2020,S(A)K,שמואל א יד לד,"Correct positioning of accent in ""בְיָד֛וֹ"".",,
09/10/2020,S(A)K,שמואל ב טו לד,"Changed pashta to qadma in ""עַבְדְּךָ֨"".",,
08/10/2020,S(A)K,שמואל ב כב מ,Slight tweak to documentation note.,,
02/10/2020,S(A)K,תבניות templates,Added {{מ:כל קמץ קטן מרכא}} to the template list.,,
01/10/2020,BD,תהלים לה י,{{מ:כל קמץ קטן מרכא}},,
01/10/2020,BD,משלי יט ז,{{מ:כל קמץ קטן מרכא}},,
01/10/2020,BD,תהלים כב כו,denorm dagesh order 2x in תְּֽהִלָּ֫תִ֥י,,
26/09/2020,S(A)K,ירמיהו ב לג,Remove dagesh from dalet in דַרְכֵּ֖ךְ,,
22/09/2020,S(A)K,דניאל ד כא,Change to documentation note.,,
20/09/2020,BD,מלכים א יב כח,Use patach instead of qamats in מ:ירושלם.,,
16/09/2020,S(A)K,יחזקאל כ לא,"Add to existing doc note: כגון: ויקרא כה,מו; במדבר כא,א",,
14/09/2020,S(A)K,יחזקאל כ לא,Correct אזלא to קדמא in doc note. Add contents of column E to doc note.,"ראו ייבין כח.1 עמ' 232. זה המקום היחיד בכל המקרא שיש בו שתי טעמים מחברים בהברה אחת. הקדמא קודמת למהפך בקריאה, כמו בעוד שש מקומות במקרא (שבהם הקדמא במקום הראוי לגעיה והמהפך בהברת הטעם)",
14/09/2020,S(A)K,זכריה ה ג,"Remove meteg from וְכׇֽ֨ל, leaving qadma.",,
12/09/2020,BD,ישעיהו לו ב,Use new מ:ירושלמה template.,,
12/09/2020,BD,יחזקאל ח ג,Use new מ:ירושלמה template.,,
12/09/2020,BD,מלכים א י ב,Use new מ:ירושלמה template.,,
12/09/2020,BD,מלכים ב ט כח,Use new מ:ירושלמה template.,,
12/09/2020,BD,מלכים ב י כח,??? Cannot determine what this change was.,Irrelevant. Text accidentally erased and replaced (SAK).,
11/09/2020,BD,צפניה ב טו,Use new מ:גרשיים ותלישא גדולה template.,,
11/09/2020,BD,מלכים ב יז יג,Use new מ:גרש ותלישא גדולה template.,,
11/09/2020,BD,בראשית ה כט,Use new מ:גרשיים ותלישא גדולה template.,,
11/09/2020,BD,ויקרא י ד,Use new מ:גרשיים ותלישא גדולה template.,,
11/09/2020,BD,יחזקאל מח י,Use new מ:גרש ותלישא גדולה template. Also make geresh plain not muqdam.,,
08/09/2020,BD,216 verses,Use g3-then-◆ Unicode order for revia mugrash.,,
08/09/2020,BD,משלי ד טז,"Use hiriq, meteg, dehi (HMD) instead of D{{2-trope|H|M}}.",,
05/09/2020,S(A)K,ישעיהו לו יב,"Slight tweak to args of קו""כ מימי רגליהם template.",,
05/09/2020,S(A)K,מלכים ב יח כז,"Slight tweak to args of קו""כ מימי רגליהם template.",,
04/09/2020,S(A)K,ישעיהו לו יב,"Use new קו""כ מימי רגליהם template.",,
04/09/2020,S(A)K,מלכים ב יח כז,"Use new קו""כ מימי רגליהם template.",,
31/08/2020,BD,דברי הימים ב כו ג,Qamats [gadol] not qamats qatan in מ:ירושלם.,,
30/08/2020,S(A)K,שמות כ ב,"In doc note on ל, remove meteg, leaving merkha as the sole trope on yod in lo-yihyeh-lach (לא יהיה לך). Plus other edits where it is not easy to see what changed. Note that there were July 7 & June 6 edits, too.",,
30/08/2020,S(A)K,דברים ה ו,Parallel edits to those in שמות?,,
29/08/2020,BD,דברים ה ו,Use dual trope template instead of direct ZWJ? Not easy to see what changed.,,